{"type":"FeatureCollection","name":"lavallette_road_centerlines","metadata":{"source":"NJOGIS NG911 Road Centerlines (Tran_road)","url":"https://services2.arcgis.com/XVOqAjTOJ5P6ngMu/arcgis/rest/services/Tran_road/FeatureServer/0","query_url":"https://services2.arcgis.com/XVOqAjTOJ5P6ngMu/arcgis/rest/services/Tran_road/FeatureServer/0/query","retrieved_at_utc":"2026-09-04T20:05:24.534258+00:00","source_last_edit_date":1785341586960,"out_sr":4326,"query_envelope_wgs84":[-74.0865608,39.9592107,-74.063057,39.9822783],"spatial_relationship":"esriSpatialRelIntersects","boundary_file":"lavallette_boundary.geojson","boundary_sha256":"109e3384874be7ef46f449fd7872749417fcb364f2286b5f82c27e64923edce5","fields":["OBJECTID","PRIMENAME","ELEVTYP_F","ELEVTYP_T"],"feature_count":402,"complete_objectid_inventory_verified":true,"municipal_clipping":"Envelope selection only; clip against the actual municipal boundary in the application."},"features":[{"type":"Feature","id":1466,"properties":{"OBJECTID":1466,"PRIMENAME":"1st Avenue","ELEVTYP_F":0,"ELEVTYP_T":0},"geometry":{"type":"LineString","coordinates":[[-74.0723337056966,39.9599727802795],[-74.0721501213616,39.9599548074061]]}},{"type":"Feature","id":2398,"properties":{"OBJECTID":2398,"PRIMENAME":"Elizabeth Avenue","ELEVTYP_F":0,"ELEVTYP_T":0},"geometry":{"type":"LineString","coordinates":[[-74.0734821215308,39.9624586378598],[-74.0767794029982,39.9627689255206]]}},{"type":"Feature","id":2467,"properties":{"OBJECTID":2467,"PRIMENAME":"New Brunswick Avenue","ELEVTYP_F":0,"ELEVTYP_T":0},"geometry":{"type":"LineString","coordinates":[[-74.0694335600775,39.9673841080871],[-74.0696630192376,39.9674065934027],[-74.0710889880973,39.9675404159665]]}},{"type":"Feature","id":3740,"properties":{"OBJECTID":3740,"PRIMENAME":"Brinley Avenue","ELEVTYP_F":0,"ELEVTYP_T":0},"geometry":{"type":"LineString","coordinates":[[-74.0721986812453,39.9608014405097],[-74.0720517817584,39.9607873363011],[-74.0705416283965,39.9606336656619]]}},{"type":"Feature","id":4459,"properties":{"OBJECTID":4459,"PRIMENAME":"West Surf Way","ELEVTYP_F":0,"ELEVTYP_T":0},"geometry":{"type":"LineString","coordinates":[[-74.0678692377728,39.9808281954814],[-74.0669370012083,39.9807353840145]]}},{"type":"Feature","id":4991,"properties":{"OBJECTID":4991,"PRIMENAME":"Bay Boulevard","ELEVTYP_F":0,"ELEVTYP_T":0},"geometry":{"type":"LineString","coordinates":[[-74.0746040331024,39.9678467117872],[-74.0746200927654,39.9677656725228],[-74.0746434024694,39.9676027654303],[-74.0746462133318,39.9675464407864]]}},{"type":"Feature","id":5303,"properties":{"OBJECTID":5303,"PRIMENAME":"Dickman Drive","ELEVTYP_F":0,"ELEVTYP_T":0},"geometry":{"type":"LineString","coordinates":[[-74.0786410843494,39.9614276452406],[-74.0786639498017,39.9615850106484],[-74.0786970558542,39.9617424141655],[-74.0787933014961,39.9621569580132],[-74.0788152432263,39.9622499686673]]}},{"type":"Feature","id":7377,"properties":{"OBJECTID":7377,"PRIMENAME":"Lavallette Avenue","ELEVTYP_F":0,"ELEVTYP_T":0},"geometry":{"type":"LineString","coordinates":[[-74.0742257023865,39.9655599102214],[-74.0741622842273,39.9655454289273],[-74.0740931202528,39.9655367189617]]}},{"type":"Feature","id":8327,"properties":{"OBJECTID":8327,"PRIMENAME":"Dickman Drive","ELEVTYP_F":0,"ELEVTYP_T":0},"geometry":{"type":"LineString","coordinates":[[-74.0786410843494,39.9614276452406],[-74.0786347204719,39.9613542104906],[-74.078635042162,39.9613018028394],[-74.0786422750473,39.9612336614529],[-74.0786528964203,39.9611655323809],[-74.0786771143285,39.961102723689],[-74.0787254245647,39.9610032697112],[-74.0788045244076,39.9608803451429]]}},{"type":"Feature","id":13284,"properties":{"OBJECTID":13284,"PRIMENAME":"Philadelphia Avenue","ELEVTYP_F":0,"ELEVTYP_T":0},"geometry":{"type":"LineString","coordinates":[[-74.0727726634359,39.9699810639938],[-74.0729221623469,39.9699933655462]]}},{"type":"Feature","id":14329,"properties":{"OBJECTID":14329,"PRIMENAME":"New Brunswick Avenue","ELEVTYP_F":0,"ELEVTYP_T":0},"geometry":{"type":"LineString","coordinates":[[-74.0726226577652,39.9676895266756],[-74.0739259137147,39.967820802849],[-74.0742858466206,39.967851089387],[-74.0743821609706,39.9678546279666],[-74.0744606013858,39.967852115631]]}},{"type":"Feature","id":17382,"properties":{"OBJECTID":17382,"PRIMENAME":"Bryn Mawr Avenue","ELEVTYP_F":0,"ELEVTYP_T":0},"geometry":{"type":"LineString","coordinates":[[-74.0689927404597,39.9803067591673],[-74.0690370937564,39.9803359701352],[-74.069099563645,39.9803500120461],[-74.06977950113,39.9804177913234],[-74.0705001416661,39.9804896229129],[-74.071830155448,39.9806203634651],[-74.071956430439,39.9806351330966],[-74.0720568158615,39.9806355037562],[-74.0721497599371,39.9806329916155],[-74.0722688262987,39.9806133902743],[-74.0723880167061,39.9805795130345],[-74.0724923622178,39.9805341599351],[-74.0726042726313,39.9804716491114],[-74.0727573469389,39.9803664071659],[-74.0730967478845,39.9801056585789],[-74.0732130306771,39.9800163221402]]}},{"type":"Feature","id":18430,"properties":{"OBJECTID":18430,"PRIMENAME":"Bay Boulevard","ELEVTYP_F":0,"ELEVTYP_T":0},"geometry":{"type":"LineString","coordinates":[[-74.0744601508105,39.9682815998761],[-74.0745117559277,39.9681530588273],[-74.0745602953566,39.9680127558289],[-74.0745814566114,39.9679432382724],[-74.0746020077379,39.9678569445355],[-74.0746040331024,39.9678467117872]]}},{"type":"Feature","id":27582,"properties":{"OBJECTID":27582,"PRIMENAME":"Philadelphia Avenue","ELEVTYP_F":0,"ELEVTYP_T":0},"geometry":{"type":"LineString","coordinates":[[-74.0690642423179,39.9696276802486],[-74.0694202308341,39.9696621942677],[-74.0707213174076,39.9697859495643]]}},{"type":"Feature","id":29091,"properties":{"OBJECTID":29091,"PRIMENAME":"Bryn Mawr Avenue","ELEVTYP_F":0,"ELEVTYP_T":0},"geometry":{"type":"LineString","coordinates":[[-74.0684445280599,39.9802093460757],[-74.0688660044598,39.9802519021545],[-74.0689328803362,39.9802690625839],[-74.0689883329737,39.9803038605107],[-74.0689927404597,39.9803067591673]]}},{"type":"Feature","id":29810,"properties":{"OBJECTID":29810,"PRIMENAME":"Baltimore Avenue","ELEVTYP_F":0,"ELEVTYP_T":0},"geometry":{"type":"LineString","coordinates":[[-74.0731143421055,39.9646699735675],[-74.0732350475581,39.9639347395313]]}},{"type":"Feature","id":31991,"properties":{"OBJECTID":31991,"PRIMENAME":"West Spray Way","ELEVTYP_F":0,"ELEVTYP_T":0},"geometry":{"type":"LineString","coordinates":[[-74.0678382402246,39.981004358498],[-74.0668827774851,39.9809155068805]]}},{"type":"Feature","id":34593,"properties":{"OBJECTID":34593,"PRIMENAME":"East Brighton Avenue","ELEVTYP_F":0,"ELEVTYP_T":0},"geometry":{"type":"LineString","coordinates":[[-74.066586475208,39.9819266119545],[-74.0642526457982,39.9816919138],[-74.0641019983649,39.981676762204]]}},{"type":"Feature","id":37676,"properties":{"OBJECTID":37676,"PRIMENAME":"Dickman Drive","ELEVTYP_F":0,"ELEVTYP_T":0},"geometry":{"type":"LineString","coordinates":[[-74.0788152432263,39.9622499686673],[-74.0788397596021,39.9623537512738],[-74.0788665051464,39.962442963052],[-74.0788899514608,39.9625059719437],[-74.0789236522708,39.9625663825954],[-74.0789269006472,39.9625718851328]]}},{"type":"Feature","id":43873,"properties":{"OBJECTID":43873,"PRIMENAME":"Washington Avenue","ELEVTYP_F":0,"ELEVTYP_T":0},"geometry":{"type":"LineString","coordinates":[[-74.0733426766999,39.9692685712252],[-74.0730476259259,39.9692292695444],[-74.0723872927048,39.9691641308074]]}},{"type":"Feature","id":47222,"properties":{"OBJECTID":47222,"PRIMENAME":"Pershing Boulevard","ELEVTYP_F":0,"ELEVTYP_T":0},"geometry":{"type":"LineString","coordinates":[[-74.0746040331024,39.9678467117872],[-74.0746049615459,39.9678466872722],[-74.0748009083695,39.9678249496443],[-74.0749492490793,39.9678048754885],[-74.0749561544292,39.9678039397496]]}},{"type":"Feature","id":47413,"properties":{"OBJECTID":47413,"PRIMENAME":"Funston Road","ELEVTYP_F":0,"ELEVTYP_T":0},"geometry":{"type":"LineString","coordinates":[[-74.0792683445172,39.9663185287129],[-74.0800314059426,39.9671138853576]]}},{"type":"Feature","id":50029,"properties":{"OBJECTID":50029,"PRIMENAME":"Bay Boulevard","ELEVTYP_F":0,"ELEVTYP_T":0},"geometry":{"type":"LineString","coordinates":[[-74.0703084092586,39.9773254819136],[-74.0703012992918,39.9772641514864],[-74.0703018187359,39.9771812152056],[-74.070317344761,39.977078321693],[-74.0703627379224,39.9769526428521],[-74.0704228852858,39.9768470864727],[-74.0705053179971,39.9767387024425],[-74.0705387922882,39.9766984972083],[-74.0705657197782,39.9766665037962],[-74.0705741531482,39.9766589573715]]}},{"type":"Feature","id":51255,"properties":{"OBJECTID":51255,"PRIMENAME":"Virginia Avenue","ELEVTYP_F":0,"ELEVTYP_T":0},"geometry":{"type":"LineString","coordinates":[[-74.0712092727331,39.9668082867379],[-74.0701613959877,39.9667059015346],[-74.0698965862295,39.9666804064794],[-74.0695534262899,39.9666473655896]]}},{"type":"Feature","id":54467,"properties":{"OBJECTID":54467,"PRIMENAME":"Bay Boulevard","ELEVTYP_F":0,"ELEVTYP_T":0},"geometry":{"type":"LineString","coordinates":[[-74.0712943086365,39.9736147036081],[-74.0712946940462,39.9735530172198],[-74.0713138203883,39.9734672953433],[-74.0713478445183,39.973373034881],[-74.0714004408281,39.97328172625],[-74.0714529114601,39.973216141403],[-74.0715164984154,39.9731534519721],[-74.0716247752402,39.9730709147919],[-74.0718205885927,39.9729361543682]]}},{"type":"Feature","id":54583,"properties":{"OBJECTID":54583,"PRIMENAME":"Unnamed Segment","ELEVTYP_F":0,"ELEVTYP_T":0},"geometry":{"type":"LineString","coordinates":[[-74.0686744757365,39.982229671651],[-74.0719886875569,39.9825308051424]]}},{"type":"Feature","id":54662,"properties":{"OBJECTID":54662,"PRIMENAME":"Baltimore Avenue","ELEVTYP_F":0,"ELEVTYP_T":0},"geometry":{"type":"LineString","coordinates":[[-74.0725049214919,39.9684270205032],[-74.0726226577652,39.9676895266756]]}},{"type":"Feature","id":57986,"properties":{"OBJECTID":57986,"PRIMENAME":"President Avenue","ELEVTYP_F":0,"ELEVTYP_T":0},"geometry":{"type":"LineString","coordinates":[[-74.0713303615893,39.9744066292609],[-74.0711702335639,39.9743919255687]]}},{"type":"Feature","id":60280,"properties":{"OBJECTID":60280,"PRIMENAME":"New Brunswick Avenue","ELEVTYP_F":0,"ELEVTYP_T":0},"geometry":{"type":"LineString","coordinates":[[-74.0744606013858,39.967852115631],[-74.0746040331024,39.9678467117872]]}},{"type":"Feature","id":60773,"properties":{"OBJECTID":60773,"PRIMENAME":"Ortley Avenue","ELEVTYP_F":0,"ELEVTYP_T":0},"geometry":{"type":"LineString","coordinates":[[-74.0705947012623,39.9779883406897],[-74.0715206099148,39.9780832700484]]}},{"type":"Feature","id":65673,"properties":{"OBJECTID":65673,"PRIMENAME":"Newark Avenue","ELEVTYP_F":0,"ELEVTYP_T":0},"geometry":{"type":"LineString","coordinates":[[-74.0833680635875,39.963347934048],[-74.0818739312619,39.962893710125],[-74.081657626112,39.9628279497005]]}},{"type":"Feature","id":68189,"properties":{"OBJECTID":68189,"PRIMENAME":"Haddonfield Avenue","ELEVTYP_F":0,"ELEVTYP_T":0},"geometry":{"type":"LineString","coordinates":[[-74.0646469115269,39.9790608149395],[-74.066968750324,39.9792925726537],[-74.067357414172,39.9793310593183]]}},{"type":"Feature","id":68795,"properties":{"OBJECTID":68795,"PRIMENAME":"Bay Boulevard","ELEVTYP_F":0,"ELEVTYP_T":0},"geometry":{"type":"LineString","coordinates":[[-74.0762492595417,39.9642384812067],[-74.0763108826151,39.9642028797518],[-74.0764302897833,39.9641232338586],[-74.0765498200336,39.9640292840928],[-74.0766508151205,39.9639209911388],[-74.0767332748778,39.9638097751641],[-74.0768084723584,39.9636670428436],[-74.0768574139331,39.963564270176],[-74.0768580315942,39.9635624331777]]}},{"type":"Feature","id":69603,"properties":{"OBJECTID":69603,"PRIMENAME":"Newark Avenue","ELEVTYP_F":0,"ELEVTYP_T":0},"geometry":{"type":"LineString","coordinates":[[-74.0770355458775,39.9620660280561],[-74.0768776264834,39.9620506818984]]}},{"type":"Feature","id":69653,"properties":{"OBJECTID":69653,"PRIMENAME":"Baltimore Avenue","ELEVTYP_F":0,"ELEVTYP_T":0},"geometry":{"type":"LineString","coordinates":[[-74.073861733623,39.9601186958164],[-74.0739144985385,39.9597911467943],[-74.0739424299802,39.9596192521863]]}},{"type":"Feature","id":71693,"properties":{"OBJECTID":71693,"PRIMENAME":"Dickman Drive","ELEVTYP_F":0,"ELEVTYP_T":0},"geometry":{"type":"LineString","coordinates":[[-74.0811739465591,39.9650964078568],[-74.0811631697537,39.9651435076477],[-74.0811216706572,39.9652377432418],[-74.0810632214427,39.9653266466021],[-74.0809775005526,39.9654233587017],[-74.080912429369,39.965480776202],[-74.0808268610056,39.9655407550314],[-74.0807037865465,39.9656137215061],[-74.0805533702559,39.9656944404209],[-74.0802115273727,39.9658871630784],[-74.0799208997994,39.9660539082658],[-74.0796885812535,39.966160574147],[-74.0794836803146,39.9662410941008],[-74.0793266272405,39.9662981778957],[-74.0792683445172,39.9663185287129]]}},{"type":"Feature","id":72229,"properties":{"OBJECTID":72229,"PRIMENAME":"1st Avenue","ELEVTYP_F":0,"ELEVTYP_T":0},"geometry":{"type":"LineString","coordinates":[[-74.0721501213616,39.9599548074061],[-74.0707963462089,39.9598253824307],[-74.0707368752279,39.9598308997687],[-74.0706736054197,39.9598449417568],[-74.0706718552337,39.9598451820702]]}},{"type":"Feature","id":72821,"properties":{"OBJECTID":72821,"PRIMENAME":"Newark Avenue","ELEVTYP_F":0,"ELEVTYP_T":0},"geometry":{"type":"LineString","coordinates":[[-74.073601230392,39.961732100853],[-74.0725816995257,39.9616329447662],[-74.0720691244147,39.9615822135895]]}},{"type":"Feature","id":73738,"properties":{"OBJECTID":73738,"PRIMENAME":"Railway Avenue West","ELEVTYP_F":0,"ELEVTYP_T":0},"geometry":{"type":"LineString","coordinates":[[-74.0726028875467,39.9595134830552],[-74.0725140811328,39.9599904942343]]}},{"type":"Feature","id":79280,"properties":{"OBJECTID":79280,"PRIMENAME":"Bay Boulevard","ELEVTYP_F":0,"ELEVTYP_T":0},"geometry":{"type":"LineString","coordinates":[[-74.0774945523325,39.9594543789753],[-74.0775782598558,39.9589422049157],[-74.0775814135605,39.9589229114422],[-74.0776255988987,39.9586526579058],[-74.0776604280868,39.9584422144802]]}},{"type":"Feature","id":79453,"properties":{"OBJECTID":79453,"PRIMENAME":"Baltimore Avenue","ELEVTYP_F":0,"ELEVTYP_T":0},"geometry":{"type":"LineString","coordinates":[[-74.0737556306138,39.9607770675124],[-74.0738021127861,39.9604886476242],[-74.073861733623,39.9601186958164]]}},{"type":"Feature","id":81866,"properties":{"OBJECTID":81866,"PRIMENAME":"White Avenue","ELEVTYP_F":0,"ELEVTYP_T":0},"geometry":{"type":"LineString","coordinates":[[-74.0715126384836,39.9782397261792],[-74.0715206099148,39.9780832700484]]}},{"type":"Feature","id":83417,"properties":{"OBJECTID":83417,"PRIMENAME":"East Beach Way","ELEVTYP_F":0,"ELEVTYP_T":0},"geometry":{"type":"LineString","coordinates":[[-74.0643277805765,39.9810495452463],[-74.0643580466019,39.9808762410853]]}},{"type":"Feature","id":83993,"properties":{"OBJECTID":83993,"PRIMENAME":"Bay Boulevard","ELEVTYP_F":0,"ELEVTYP_T":0},"geometry":{"type":"LineString","coordinates":[[-74.0769105842846,39.9627812910529],[-74.0769115914282,39.9626178903294],[-74.0769272605141,39.962483534317],[-74.0769540795636,39.9623520733444],[-74.0770355458775,39.9620660280561]]}},{"type":"Feature","id":84445,"properties":{"OBJECTID":84445,"PRIMENAME":"Vance Avenue","ELEVTYP_F":0,"ELEVTYP_T":0},"geometry":{"type":"LineString","coordinates":[[-74.0685751978699,39.9726129339616],[-74.070229998233,39.9727754297989]]}},{"type":"Feature","id":85401,"properties":{"OBJECTID":85401,"PRIMENAME":"Newark Avenue","ELEVTYP_F":0,"ELEVTYP_T":0},"geometry":{"type":"LineString","coordinates":[[-74.0785230003151,39.9622227156214],[-74.0783637570378,39.962207833243]]}},{"type":"Feature","id":85524,"properties":{"OBJECTID":85524,"PRIMENAME":"Brinley Avenue","ELEVTYP_F":0,"ELEVTYP_T":0},"geometry":{"type":"LineString","coordinates":[[-74.0769995824953,39.9614235344242],[-74.0758663034761,39.9613086728066],[-74.0756769165101,39.9612879659376],[-74.075539579615,39.9612560283241],[-74.0754801082236,39.9612385700323],[-74.0754445601826,39.9612234493044],[-74.0754098767936,39.9612011953928],[-74.0753974497201,39.9611858575918],[-74.0753915020396,39.9611668100714]]}},{"type":"Feature","id":85695,"properties":{"OBJECTID":85695,"PRIMENAME":"1st Avenue","ELEVTYP_F":0,"ELEVTYP_T":0},"geometry":{"type":"LineString","coordinates":[[-74.0771707537139,39.9604397492303],[-74.0757508544277,39.9603040466817],[-74.0755252323727,39.9602818072474]]}},{"type":"Feature","id":87283,"properties":{"OBJECTID":87283,"PRIMENAME":"Brinley Avenue","ELEVTYP_F":0,"ELEVTYP_T":0},"geometry":{"type":"LineString","coordinates":[[-74.0737279678323,39.9609487072254],[-74.0721986812453,39.9608014405097]]}},{"type":"Feature","id":88085,"properties":{"OBJECTID":88085,"PRIMENAME":"Haag Avenue","ELEVTYP_F":0,"ELEVTYP_T":0},"geometry":{"type":"LineString","coordinates":[[-74.0754443216518,39.9607775177036],[-74.0770881318719,39.9609312545781]]}},{"type":"Feature","id":90114,"properties":{"OBJECTID":90114,"PRIMENAME":"Jersey City Avenue","ELEVTYP_F":0,"ELEVTYP_T":0},"geometry":{"type":"LineString","coordinates":[[-74.0762492595417,39.9642384812067],[-74.0760637507865,39.9642183115561]]}},{"type":"Feature","id":90231,"properties":{"OBJECTID":90231,"PRIMENAME":"Elizabeth Avenue","ELEVTYP_F":0,"ELEVTYP_T":0},"geometry":{"type":"LineString","coordinates":[[-74.0719476819432,39.9623142032144],[-74.0734821215308,39.9624586378598]]}},{"type":"Feature","id":90618,"properties":{"OBJECTID":90618,"PRIMENAME":"Durborow Avenue","ELEVTYP_F":0,"ELEVTYP_T":0},"geometry":{"type":"LineString","coordinates":[[-74.077254190868,39.9599374850458],[-74.0756074170817,39.9597761628978]]}},{"type":"Feature","id":90620,"properties":{"OBJECTID":90620,"PRIMENAME":"Baltimore Avenue","ELEVTYP_F":0,"ELEVTYP_T":0},"geometry":{"type":"LineString","coordinates":[[-74.0737279678323,39.9609487072254],[-74.0737556306138,39.9607770675124]]}},{"type":"Feature","id":90639,"properties":{"OBJECTID":90639,"PRIMENAME":"Durborow Avenue","ELEVTYP_F":0,"ELEVTYP_T":0},"geometry":{"type":"LineString","coordinates":[[-74.0756074170817,39.9597761628978],[-74.0742703442951,39.9596451372819],[-74.0739424299802,39.9596192521863]]}},{"type":"Feature","id":90665,"properties":{"OBJECTID":90665,"PRIMENAME":"Camden Avenue","ELEVTYP_F":0,"ELEVTYP_T":0},"geometry":{"type":"LineString","coordinates":[[-74.0705930754529,39.970567877512],[-74.0701981845493,39.9705284734133],[-74.0689365077432,39.970405270421]]}},{"type":"Feature","id":91118,"properties":{"OBJECTID":91118,"PRIMENAME":"Brown Avenue","ELEVTYP_F":0,"ELEVTYP_T":0},"geometry":{"type":"LineString","coordinates":[[-74.0719948124305,39.9714567969794],[-74.0721488043777,39.9714874266572]]}},{"type":"Feature","id":91985,"properties":{"OBJECTID":91985,"PRIMENAME":"Jersey City Avenue","ELEVTYP_F":0,"ELEVTYP_T":0},"geometry":{"type":"LineString","coordinates":[[-74.0732350475581,39.9639347395313],[-74.0717060889398,39.9637872747442]]}},{"type":"Feature","id":92527,"properties":{"OBJECTID":92527,"PRIMENAME":"Bay Boulevard","ELEVTYP_F":0,"ELEVTYP_T":0},"geometry":{"type":"LineString","coordinates":[[-74.0746330291896,39.9671348333027],[-74.0746279510008,39.9670965164418],[-74.0746064836115,39.9669620245791],[-74.0745628423041,39.9668074375364],[-74.0744970085669,39.966635582551],[-74.0743979920908,39.966423605126],[-74.0743611499737,39.9663464626704]]}},{"type":"Feature","id":93254,"properties":{"OBJECTID":93254,"PRIMENAME":"Bay Boulevard","ELEVTYP_F":0,"ELEVTYP_T":0},"geometry":{"type":"LineString","coordinates":[[-74.0771239364924,39.9616927226785],[-74.0771707512758,39.9614144329828],[-74.0772525095288,39.9609284052997],[-74.0772896558333,39.9607075826105],[-74.0773309531982,39.960455076279]]}},{"type":"Feature","id":94690,"properties":{"OBJECTID":94690,"PRIMENAME":"Bay Boulevard","ELEVTYP_F":0,"ELEVTYP_T":0},"geometry":{"type":"LineString","coordinates":[[-74.0705393410651,39.9781156850116],[-74.0705774445798,39.9780600677808],[-74.0705932286589,39.9780242167833],[-74.0705951848477,39.9779909509347],[-74.0705947012623,39.9779883406897]]}},{"type":"Feature","id":96829,"properties":{"OBJECTID":96829,"PRIMENAME":"Swan Point Road","ELEVTYP_F":0,"ELEVTYP_T":0},"geometry":{"type":"LineString","coordinates":[[-74.0705765837627,39.9784712382832],[-74.0709829528121,39.9785030473836],[-74.0713368263187,39.978530744655],[-74.0734923649356,39.9787459086282]]}},{"type":"Feature","id":97091,"properties":{"OBJECTID":97091,"PRIMENAME":"Bay Boulevard","ELEVTYP_F":0,"ELEVTYP_T":0},"geometry":{"type":"LineString","coordinates":[[-74.0713748375561,39.9751983652681],[-74.0713368449651,39.9745340658261],[-74.0713303615893,39.9744066292609]]}},{"type":"Feature","id":98447,"properties":{"OBJECTID":98447,"PRIMENAME":"East Spray Way","ELEVTYP_F":0,"ELEVTYP_T":0},"geometry":{"type":"LineString","coordinates":[[-74.0643916548637,39.9806838112158],[-74.064426309109,39.9804853811369]]}},{"type":"Feature","id":99187,"properties":{"OBJECTID":99187,"PRIMENAME":"Bay Boulevard","ELEVTYP_F":0,"ELEVTYP_T":0},"geometry":{"type":"LineString","coordinates":[[-74.0729221623469,39.9699933655462],[-74.0729601994124,39.9699129560459],[-74.073024083654,39.9698074128397],[-74.0730990816333,39.9697047099331],[-74.0731589906588,39.9696186316738],[-74.073166586909,39.9696077178135],[-74.0732713064247,39.969499441643],[-74.0733722795319,39.9694083092217],[-74.0735066313626,39.9693144181485],[-74.0735367281074,39.9692942953145]]}},{"type":"Feature","id":101755,"properties":{"OBJECTID":101755,"PRIMENAME":"Bay Boulevard","ELEVTYP_F":0,"ELEVTYP_T":0},"geometry":{"type":"LineString","coordinates":[[-74.0770355458775,39.9620660280561],[-74.0770530860582,39.9620044590502],[-74.0771237858825,39.9616936102309],[-74.0771239364924,39.9616927226785]]}},{"type":"Feature","id":104816,"properties":{"OBJECTID":104816,"PRIMENAME":"Washington Avenue","ELEVTYP_F":0,"ELEVTYP_T":0},"geometry":{"type":"LineString","coordinates":[[-74.0756074170817,39.9597761628978],[-74.0756884156253,39.9592717219575]]}},{"type":"Feature","id":105562,"properties":{"OBJECTID":105562,"PRIMENAME":"Guyer Avenue","ELEVTYP_F":0,"ELEVTYP_T":0},"geometry":{"type":"LineString","coordinates":[[-74.0698526666049,39.9750558432199],[-74.068197372713,39.9749008619602]]}},{"type":"Feature","id":107621,"properties":{"OBJECTID":107621,"PRIMENAME":"Princeton Avenue","ELEVTYP_F":0,"ELEVTYP_T":0},"geometry":{"type":"LineString","coordinates":[[-74.0767191892025,39.9635367234938],[-74.0768580315942,39.9635624331777]]}},{"type":"Feature","id":109350,"properties":{"OBJECTID":109350,"PRIMENAME":"Pennsylvania Avenue","ELEVTYP_F":0,"ELEVTYP_T":0},"geometry":{"type":"LineString","coordinates":[[-74.0696738758572,39.965914056745],[-74.0699072892561,39.9659368859139],[-74.0713298270467,39.9660724779804]]}},{"type":"Feature","id":111093,"properties":{"OBJECTID":111093,"PRIMENAME":"Sterling Avenue","ELEVTYP_F":0,"ELEVTYP_T":0},"geometry":{"type":"LineString","coordinates":[[-74.0684445280599,39.9802093460757],[-74.0683697418643,39.9806641560857],[-74.0682910526919,39.9811427112656],[-74.0682394748835,39.9814563782571]]}},{"type":"Feature","id":112562,"properties":{"OBJECTID":112562,"PRIMENAME":"Guyer Avenue","ELEVTYP_F":0,"ELEVTYP_T":0},"geometry":{"type":"LineString","coordinates":[[-74.0713748375561,39.9751983652681],[-74.0712123203477,39.9751831321885]]}},{"type":"Feature","id":113163,"properties":{"OBJECTID":113163,"PRIMENAME":"Baltimore Avenue","ELEVTYP_F":0,"ELEVTYP_T":0},"geometry":{"type":"LineString","coordinates":[[-74.0728616635927,39.9662184757857],[-74.0729876421736,39.965445047171]]}},{"type":"Feature","id":115382,"properties":{"OBJECTID":115382,"PRIMENAME":"Ocean Road","ELEVTYP_F":0,"ELEVTYP_T":0},"geometry":{"type":"LineString","coordinates":[[-74.0642936724443,39.981244854572],[-74.0643277805765,39.9810495452463]]}},{"type":"Feature","id":115455,"properties":{"OBJECTID":115455,"PRIMENAME":"1st Avenue","ELEVTYP_F":0,"ELEVTYP_T":0},"geometry":{"type":"LineString","coordinates":[[-74.0704937666878,39.9598605658788],[-74.070003631171,39.9598087503968]]}},{"type":"Feature","id":115790,"properties":{"OBJECTID":115790,"PRIMENAME":"Magee Avenue","ELEVTYP_F":0,"ELEVTYP_T":0},"geometry":{"type":"LineString","coordinates":[[-74.0721465461238,39.9722157379124],[-74.0703530385498,39.9720392204384]]}},{"type":"Feature","id":116103,"properties":{"OBJECTID":116103,"PRIMENAME":"Bay Beach Way","ELEVTYP_F":0,"ELEVTYP_T":0},"geometry":{"type":"LineString","coordinates":[[-74.0688275188165,39.9812979735284],[-74.0731624281214,39.9817211089711]]}},{"type":"Feature","id":118142,"properties":{"OBJECTID":118142,"PRIMENAME":"West Channel Way","ELEVTYP_F":0,"ELEVTYP_T":0},"geometry":{"type":"LineString","coordinates":[[-74.0678170370922,39.9812073811208],[-74.06682354135,39.9811122830986]]}},{"type":"Feature","id":121294,"properties":{"OBJECTID":121294,"PRIMENAME":"1st Avenue","ELEVTYP_F":0,"ELEVTYP_T":0},"geometry":{"type":"LineString","coordinates":[[-74.070003631171,39.9598087503968],[-74.0695667736157,39.9597625664698],[-74.0695332589041,39.9597593129536]]}},{"type":"Feature","id":122213,"properties":{"OBJECTID":122213,"PRIMENAME":"New Jersey Avenue","ELEVTYP_F":0,"ELEVTYP_T":0},"geometry":{"type":"LineString","coordinates":[[-74.0715829700071,39.964518022628],[-74.071954055606,39.9645532989124],[-74.0731143421055,39.9646699735675]]}},{"type":"Feature","id":122702,"properties":{"OBJECTID":122702,"PRIMENAME":"Bond Avenue","ELEVTYP_F":0,"ELEVTYP_T":0},"geometry":{"type":"LineString","coordinates":[[-74.0710949950907,39.9759360542618],[-74.0697316089926,39.9757984000039]]}},{"type":"Feature","id":123319,"properties":{"OBJECTID":123319,"PRIMENAME":"FR CO 629 SB TO PERSHING BLVD","ELEVTYP_F":0,"ELEVTYP_T":0},"geometry":{"type":"LineString","coordinates":[[-74.0744601508105,39.9682815998761],[-74.0745775070583,39.9681486876069],[-74.0746616447772,39.968073142099],[-74.0747426508172,39.968013672635],[-74.0748416324933,39.9679496835243],[-74.0749465789618,39.967890301718],[-74.0750993997444,39.9678150077088],[-74.0752060401977,39.9677700999922]]}},{"type":"Feature","id":125377,"properties":{"OBJECTID":125377,"PRIMENAME":"East Surf Way","ELEVTYP_F":0,"ELEVTYP_T":0},"geometry":{"type":"LineString","coordinates":[[-74.0669370012083,39.9807353840145],[-74.064426309109,39.9804853811369]]}},{"type":"Feature","id":125423,"properties":{"OBJECTID":125423,"PRIMENAME":"White Avenue","ELEVTYP_F":0,"ELEVTYP_T":0},"geometry":{"type":"LineString","coordinates":[[-74.0714842214228,39.9774303150368],[-74.070429180072,39.9773291964134],[-74.0703084092586,39.9773254819136]]}},{"type":"Feature","id":128523,"properties":{"OBJECTID":128523,"PRIMENAME":"Kerr Avenue","ELEVTYP_F":0,"ELEVTYP_T":0},"geometry":{"type":"LineString","coordinates":[[-74.0696115490481,39.9765350858405],[-74.0679558489802,39.9763709853296]]}},{"type":"Feature","id":129239,"properties":{"OBJECTID":129239,"PRIMENAME":"Baltimore Avenue","ELEVTYP_F":0,"ELEVTYP_T":0},"geometry":{"type":"LineString","coordinates":[[-74.0739424299802,39.9596192521863],[-74.0740254062852,39.9591083129377]]}},{"type":"Feature","id":130053,"properties":{"OBJECTID":130053,"PRIMENAME":"Brinley Avenue","ELEVTYP_F":0,"ELEVTYP_T":0},"geometry":{"type":"LineString","coordinates":[[-74.0753955308088,39.9611153491468],[-74.0752581671519,39.9611016234949]]}},{"type":"Feature","id":130114,"properties":{"OBJECTID":130114,"PRIMENAME":"Brinley Avenue","ELEVTYP_F":0,"ELEVTYP_T":0},"geometry":{"type":"LineString","coordinates":[[-74.0753915020396,39.9611668100714],[-74.0753955308088,39.9611153491468]]}},{"type":"Feature","id":133683,"properties":{"OBJECTID":133683,"PRIMENAME":"Pershing Boulevard","ELEVTYP_F":0,"ELEVTYP_T":0},"geometry":{"type":"LineString","coordinates":[[-74.0820769673292,39.965742331611],[-74.0821579808253,39.9656976268169],[-74.0822434131634,39.9656481064748],[-74.0823801064184,39.9655882828677],[-74.0825098501795,39.9655389768963],[-74.0827658744727,39.965463879531],[-74.0837180231436,39.9651841720957],[-74.0841139267104,39.9650702597136],[-74.0842060910498,39.965033884532],[-74.0843120674471,39.9649792203213],[-74.0843975832084,39.9649271172418],[-74.0844591640049,39.9648801173027],[-74.0845447873176,39.9648044050505],[-74.084599683067,39.9647417050948],[-74.0846614536025,39.964663298818],[-74.0847096910606,39.9645690590579],[-74.0847477631082,39.9644800799473],[-74.0847790396223,39.9643700754928],[-74.0847864139847,39.9642835948692],[-74.0847836427714,39.9641813199567],[-74.0847605199096,39.9640580522183],[-74.084733626803,39.9639976676567],[-74.0847036984572,39.9639378756915]]}},{"type":"Feature","id":137405,"properties":{"OBJECTID":137405,"PRIMENAME":"East Beach Way","ELEVTYP_F":0,"ELEVTYP_T":0},"geometry":{"type":"LineString","coordinates":[[-74.0667732320233,39.9812809554103],[-74.0643277805765,39.9810495452463]]}},{"type":"Feature","id":141243,"properties":{"OBJECTID":141243,"PRIMENAME":"Brown Avenue","ELEVTYP_F":0,"ELEVTYP_T":0},"geometry":{"type":"LineString","coordinates":[[-74.0704727164302,39.9713039324273],[-74.0719948124305,39.9714567969794]]}},{"type":"Feature","id":142050,"properties":{"OBJECTID":142050,"PRIMENAME":"Baltimore Avenue","ELEVTYP_F":0,"ELEVTYP_T":0},"geometry":{"type":"LineString","coordinates":[[-74.0729876421736,39.965445047171],[-74.0730517085586,39.9650515417739],[-74.0731143421055,39.9646699735675]]}},{"type":"Feature","id":142610,"properties":{"OBJECTID":142610,"PRIMENAME":"Bay Boulevard","ELEVTYP_F":0,"ELEVTYP_T":0},"geometry":{"type":"LineString","coordinates":[[-74.0705765837627,39.9784712382832],[-74.0705963282122,39.9784461294045],[-74.070655363236,39.9783710497077],[-74.0706442449953,39.9781688948138],[-74.0705393410651,39.9781156850116]]}},{"type":"Feature","id":143478,"properties":{"OBJECTID":143478,"PRIMENAME":"Reese Avenue","ELEVTYP_F":0,"ELEVTYP_T":0},"geometry":{"type":"LineString","coordinates":[[-74.0684543435998,39.9733501645685],[-74.0687218372866,39.9733763898802],[-74.070110493645,39.9735050075077]]}},{"type":"Feature","id":146928,"properties":{"OBJECTID":146928,"PRIMENAME":"Westmont Avenue","ELEVTYP_F":0,"ELEVTYP_T":0},"geometry":{"type":"LineString","coordinates":[[-74.0675800828876,39.9785859185873],[-74.0691125145615,39.9787313918225],[-74.0691529597409,39.9787293183115],[-74.0691839646756,39.9787246570912],[-74.0692165331368,39.9787152513342],[-74.0692489206978,39.9787063123637]]}},{"type":"Feature","id":148140,"properties":{"OBJECTID":148140,"PRIMENAME":"East Surf Way","ELEVTYP_F":0,"ELEVTYP_T":0},"geometry":{"type":"LineString","coordinates":[[-74.064426309109,39.9804853811369],[-74.0644593884983,39.9802959711243]]}},{"type":"Feature","id":148349,"properties":{"OBJECTID":148349,"PRIMENAME":"Dickman Drive","ELEVTYP_F":0,"ELEVTYP_T":0},"geometry":{"type":"LineString","coordinates":[[-74.0789269006472,39.9625718851328],[-74.0789641194163,39.9626346972376],[-74.0790079722611,39.9626977811179],[-74.0790723114229,39.9627713984326],[-74.0791400363441,39.9628397840594],[-74.0792383428955,39.962918796457],[-74.0795776572999,39.9631428419676],[-74.080032512978,39.9634400573886]]}},{"type":"Feature","id":150584,"properties":{"OBJECTID":150584,"PRIMENAME":"Bond Avenue","ELEVTYP_F":0,"ELEVTYP_T":0},"geometry":{"type":"LineString","coordinates":[[-74.0697316089926,39.9757984000039],[-74.0680755538934,39.9756311708275]]}},{"type":"Feature","id":152420,"properties":{"OBJECTID":152420,"PRIMENAME":"Virginia Avenue","ELEVTYP_F":0,"ELEVTYP_T":0},"geometry":{"type":"LineString","coordinates":[[-74.0727412095555,39.9669578821509],[-74.0712092727331,39.9668082867379]]}},{"type":"Feature","id":153405,"properties":{"OBJECTID":153405,"PRIMENAME":"East Spray Way","ELEVTYP_F":0,"ELEVTYP_T":0},"geometry":{"type":"LineString","coordinates":[[-74.0668827774851,39.9809155068805],[-74.0643916548637,39.9806838112158]]}},{"type":"Feature","id":153589,"properties":{"OBJECTID":153589,"PRIMENAME":"Ocean Road","ELEVTYP_F":0,"ELEVTYP_T":0},"geometry":{"type":"LineString","coordinates":[[-74.0642608229237,39.9814329503348],[-74.0642936724443,39.981244854572]]}},{"type":"Feature","id":160420,"properties":{"OBJECTID":160420,"PRIMENAME":"Brown Avenue","ELEVTYP_F":0,"ELEVTYP_T":0},"geometry":{"type":"LineString","coordinates":[[-74.0688163262093,39.9711389905291],[-74.0692032037923,39.9711764213198],[-74.0704727164302,39.9713039324273]]}},{"type":"Feature","id":161689,"properties":{"OBJECTID":161689,"PRIMENAME":"White Avenue","ELEVTYP_F":0,"ELEVTYP_T":0},"geometry":{"type":"LineString","coordinates":[[-74.0694894382949,39.9772683042146],[-74.068720087961,39.9771970020998],[-74.0678372532933,39.9771099255537]]}},{"type":"Feature","id":161994,"properties":{"OBJECTID":161994,"PRIMENAME":"Bay Boulevard","ELEVTYP_F":0,"ELEVTYP_T":0},"geometry":{"type":"LineString","coordinates":[[-74.0743611499737,39.9663464626704],[-74.074317263345,39.966254605539],[-74.0742661132814,39.9661142670641],[-74.0742334100133,39.9659911818839],[-74.0742192238236,39.9658853223508],[-74.0742087486081,39.9657737668372],[-74.0742094582879,39.965659370128],[-74.0742249391039,39.965562186217],[-74.0742257023865,39.9655599102214]]}},{"type":"Feature","id":164314,"properties":{"OBJECTID":164314,"PRIMENAME":"White Avenue","ELEVTYP_F":0,"ELEVTYP_T":0},"geometry":{"type":"LineString","coordinates":[[-74.0715206099148,39.9780832700484],[-74.07155073647,39.9774934844564],[-74.0715472573474,39.9774562993275],[-74.0715250620069,39.9774390308531],[-74.0714842214228,39.9774303150368]]}},{"type":"Feature","id":165942,"properties":{"OBJECTID":165942,"PRIMENAME":"Diane Lane","ELEVTYP_F":0,"ELEVTYP_T":0},"geometry":{"type":"LineString","coordinates":[[-74.0695332589041,39.9597593129536],[-74.0695468683566,39.9596506061254]]}},{"type":"Feature","id":166829,"properties":{"OBJECTID":166829,"PRIMENAME":"1st Avenue","ELEVTYP_F":0,"ELEVTYP_T":0},"geometry":{"type":"LineString","coordinates":[[-74.073861733623,39.9601186958164],[-74.0725140811328,39.9599904942343]]}},{"type":"Feature","id":169740,"properties":{"OBJECTID":169740,"PRIMENAME":"New Brunswick Avenue","ELEVTYP_F":0,"ELEVTYP_T":0},"geometry":{"type":"LineString","coordinates":[[-74.0710889880973,39.9675404159665],[-74.0718727760975,39.9676140074078],[-74.0726226577652,39.9676895266756]]}},{"type":"Feature","id":169799,"properties":{"OBJECTID":169799,"PRIMENAME":"Pennsylvania Avenue","ELEVTYP_F":0,"ELEVTYP_T":0},"geometry":{"type":"LineString","coordinates":[[-74.0713298270467,39.9660724779804],[-74.0728616635927,39.9662184757857]]}},{"type":"Feature","id":170360,"properties":{"OBJECTID":170360,"PRIMENAME":"Baltimore Avenue","ELEVTYP_F":0,"ELEVTYP_T":0},"geometry":{"type":"LineString","coordinates":[[-74.0726226577652,39.9676895266756],[-74.072655403521,39.9674845402422],[-74.0727412095555,39.9669578821509]]}},{"type":"Feature","id":172255,"properties":{"OBJECTID":172255,"PRIMENAME":"Bay Boulevard","ELEVTYP_F":0,"ELEVTYP_T":0},"geometry":{"type":"LineString","coordinates":[[-74.0747034893356,39.9648502274576],[-74.074802142712,39.9647750097685],[-74.0749625095992,39.9646898051186],[-74.075081777432,39.9646330561949],[-74.0752233093982,39.9645820992408],[-74.0754801844109,39.9645086955012],[-74.0757929119702,39.9644269019007],[-74.0760014785595,39.9643532931939],[-74.0761878176767,39.9642739193615],[-74.0762492595417,39.9642384812067]]}},{"type":"Feature","id":172803,"properties":{"OBJECTID":172803,"PRIMENAME":"New Jersey Avenue","ELEVTYP_F":0,"ELEVTYP_T":0},"geometry":{"type":"LineString","coordinates":[[-74.0731143421055,39.9646699735675],[-74.0745630578776,39.9648156427626]]}},{"type":"Feature","id":173353,"properties":{"OBJECTID":173353,"PRIMENAME":"East Rutherford Lane","ELEVTYP_F":0,"ELEVTYP_T":0},"geometry":{"type":"LineString","coordinates":[[-74.0665071884874,39.9822079300489],[-74.0663795941937,39.9821941484321],[-74.0640943743236,39.9819794066776]]}},{"type":"Feature","id":173944,"properties":{"OBJECTID":173944,"PRIMENAME":"White Avenue","ELEVTYP_F":0,"ELEVTYP_T":0},"geometry":{"type":"LineString","coordinates":[[-74.0701503904893,39.9773206401885],[-74.0700055007081,39.9773161775116],[-74.0694894382949,39.9772683042146]]}},{"type":"Feature","id":176515,"properties":{"OBJECTID":176515,"PRIMENAME":"Jersey City Avenue","ELEVTYP_F":0,"ELEVTYP_T":0},"geometry":{"type":"LineString","coordinates":[[-74.0717060889398,39.9637872747442],[-74.071260381209,39.9637443097542],[-74.0700511017256,39.9636260081289]]}},{"type":"Feature","id":177769,"properties":{"OBJECTID":177769,"PRIMENAME":"Bullard Drive","ELEVTYP_F":0,"ELEVTYP_T":0},"geometry":{"type":"LineString","coordinates":[[-74.0841781920067,39.9631078496948],[-74.0833680635875,39.963347934048]]}},{"type":"Feature","id":178444,"properties":{"OBJECTID":178444,"PRIMENAME":"Bay Boulevard","ELEVTYP_F":0,"ELEVTYP_T":0},"geometry":{"type":"LineString","coordinates":[[-74.0721488043777,39.9714874266572],[-74.0721701694611,39.9714428663168],[-74.0722339322538,39.9713515984854],[-74.0723276300908,39.9712261231037],[-74.0724550100273,39.971066428697],[-74.0725787673883,39.9708924436295],[-74.0726452052922,39.9707782344267]]}},{"type":"Feature","id":180272,"properties":{"OBJECTID":180272,"PRIMENAME":"Pershing Boulevard","ELEVTYP_F":0,"ELEVTYP_T":0},"geometry":{"type":"LineString","coordinates":[[-74.0847036984572,39.9639378756915],[-74.0846494447778,39.9638295959264],[-74.0843459287272,39.9633173469973],[-74.0842276333001,39.9631622480716],[-74.0841781920067,39.9631078496948]]}},{"type":"Feature","id":180466,"properties":{"OBJECTID":180466,"PRIMENAME":"Washington Avenue","ELEVTYP_F":0,"ELEVTYP_T":0},"geometry":{"type":"LineString","coordinates":[[-74.0756884156253,39.9592717219575],[-74.0757415869956,39.9589403292894],[-74.0757701633769,39.9587670638828]]}},{"type":"Feature","id":181301,"properties":{"OBJECTID":181301,"PRIMENAME":"Elizabeth Avenue","ELEVTYP_F":0,"ELEVTYP_T":0},"geometry":{"type":"LineString","coordinates":[[-74.0767794029982,39.9627689255206],[-74.0769105842846,39.9627812910529]]}},{"type":"Feature","id":183052,"properties":{"OBJECTID":183052,"PRIMENAME":"Pershing Boulevard","ELEVTYP_F":0,"ELEVTYP_T":0},"geometry":{"type":"LineString","coordinates":[[-74.0841781920067,39.9631078496948],[-74.0840889149429,39.9630096842126],[-74.0839399097721,39.962864989713],[-74.083726327111,39.9626912367693],[-74.0835295285803,39.9625620190738],[-74.0832818055472,39.9624117259858],[-74.0830201728426,39.9622902078148],[-74.0827244930882,39.9621764189106],[-74.0820898174668,39.9619851408056]]}},{"type":"Feature","id":183269,"properties":{"OBJECTID":183269,"PRIMENAME":"Guyer Avenue","ELEVTYP_F":0,"ELEVTYP_T":0},"geometry":{"type":"LineString","coordinates":[[-74.0712123203477,39.9751831321885],[-74.0698526666049,39.9750558432199]]}},{"type":"Feature","id":183710,"properties":{"OBJECTID":183710,"PRIMENAME":"Bay Boulevard","ELEVTYP_F":0,"ELEVTYP_T":0},"geometry":{"type":"LineString","coordinates":[[-74.0705741531482,39.9766589573715],[-74.0706049062996,39.9766315077899],[-74.0706736058987,39.9765791887552],[-74.0708004993589,39.9764938661054],[-74.0709499992907,39.9763657442193],[-74.0710547501415,39.9762602976418],[-74.0711186714367,39.9761787227288],[-74.0711669418757,39.9761119686985],[-74.0712103501365,39.9760350943046],[-74.0712499073506,39.9759579039115],[-74.0712524780117,39.9759519561275]]}},{"type":"Feature","id":183740,"properties":{"OBJECTID":183740,"PRIMENAME":"Dickman Drive","ELEVTYP_F":0,"ELEVTYP_T":0},"geometry":{"type":"LineString","coordinates":[[-74.0792683445172,39.9663185287129],[-74.0792002654051,39.9663422765504],[-74.0790330562869,39.9663914706799],[-74.0788965385242,39.9664276797221],[-74.0786986570588,39.9664689104447],[-74.0785520185406,39.9664972307993],[-74.0783815113743,39.9665254101163],[-74.0782416847042,39.9665485118136],[-74.0780608052426,39.9665924108603],[-74.0779550378306,39.9666234876738],[-74.0778185595324,39.9666649125053],[-74.0776512436431,39.966719375208],[-74.0774497123969,39.9668025393096],[-74.0772891370641,39.9668806093726],[-74.0771010860339,39.9669821055508],[-74.0769573965223,39.9670759946887],[-74.07688205353,39.9671491042335],[-74.0768236912298,39.9672170588],[-74.0767953173996,39.9672775748633],[-74.0767856558032,39.9672981829839],[-74.0767717251366,39.9673584473289],[-74.0767645222006,39.9674213176722],[-74.0767740510042,39.9675367128081]]}},{"type":"Feature","id":183917,"properties":{"OBJECTID":183917,"PRIMENAME":"Kerr Avenue","ELEVTYP_F":0,"ELEVTYP_T":0},"geometry":{"type":"LineString","coordinates":[[-74.0705741531482,39.9766589573715],[-74.0705041495399,39.9766345391872],[-74.0704242629146,39.9766156570238]]}},{"type":"Feature","id":184806,"properties":{"OBJECTID":184806,"PRIMENAME":"Brooklyn Avenue","ELEVTYP_F":0,"ELEVTYP_T":0},"geometry":{"type":"LineString","coordinates":[[-74.0725049214919,39.9684270205032],[-74.07409956943,39.968585560722]]}},{"type":"Feature","id":186204,"properties":{"OBJECTID":186204,"PRIMENAME":"Baltimore Avenue","ELEVTYP_F":0,"ELEVTYP_T":0},"geometry":{"type":"LineString","coordinates":[[-74.0733561203463,39.9631972287249],[-74.0734821215308,39.9624586378598]]}},{"type":"Feature","id":186844,"properties":{"OBJECTID":186844,"PRIMENAME":"Liggett Road","ELEVTYP_F":0,"ELEVTYP_T":0},"geometry":{"type":"LineString","coordinates":[[-74.0811739465591,39.9650964078568],[-74.0813839635422,39.9652465422112],[-74.08139811943,39.9652566704872],[-74.0820769673292,39.965742331611]]}},{"type":"Feature","id":187869,"properties":{"OBJECTID":187869,"PRIMENAME":"Durborow Avenue","ELEVTYP_F":0,"ELEVTYP_T":0},"geometry":{"type":"LineString","coordinates":[[-74.0739424299802,39.9596192521863],[-74.0726028875467,39.9595134830552]]}},{"type":"Feature","id":188242,"properties":{"OBJECTID":188242,"PRIMENAME":"Vance Avenue","ELEVTYP_F":0,"ELEVTYP_T":0},"geometry":{"type":"LineString","coordinates":[[-74.070229998233,39.9727754297989],[-74.0709293074983,39.9728440739522],[-74.0716127882366,39.9729162519279]]}},{"type":"Feature","id":189415,"properties":{"OBJECTID":189415,"PRIMENAME":"Princeton Avenue","ELEVTYP_F":0,"ELEVTYP_T":0},"geometry":{"type":"LineString","coordinates":[[-74.0701715787245,39.962886576335],[-74.0705519180793,39.9629237576876],[-74.071825848266,39.9630514360136]]}},{"type":"Feature","id":191021,"properties":{"OBJECTID":191021,"PRIMENAME":"Bay Boulevard","ELEVTYP_F":0,"ELEVTYP_T":0},"geometry":{"type":"LineString","coordinates":[[-74.0742551592096,39.9686049381982],[-74.0743893953465,39.9684082583592],[-74.0744601508105,39.9682815998761]]}},{"type":"Feature","id":193315,"properties":{"OBJECTID":193315,"PRIMENAME":"Elizabeth Avenue","ELEVTYP_F":0,"ELEVTYP_T":0},"geometry":{"type":"LineString","coordinates":[[-74.070290476448,39.9621538649776],[-74.0714405417024,39.9622664544672],[-74.0719476819432,39.9623142032144]]}},{"type":"Feature","id":195759,"properties":{"OBJECTID":195759,"PRIMENAME":"Westmont Avenue","ELEVTYP_F":0,"ELEVTYP_T":0},"geometry":{"type":"LineString","coordinates":[[-74.0692489206978,39.9787063123637],[-74.0692506715794,39.9787058523029],[-74.0692802014358,39.9786916587764],[-74.0693097236974,39.9786786730649],[-74.0693438121727,39.978671633678],[-74.0693839824988,39.9786678297039],[-74.0726472733244,39.9789884040673],[-74.0734608778671,39.9790686276007],[-74.0735647760033,39.9790947611473],[-74.0736686562799,39.9791294332565],[-74.0737169769412,39.9791564710126],[-74.0737612607086,39.9791812493372],[-74.0739351594143,39.9793134471219]]}},{"type":"Feature","id":197070,"properties":{"OBJECTID":197070,"PRIMENAME":"Washington Avenue","ELEVTYP_F":0,"ELEVTYP_T":0},"geometry":{"type":"LineString","coordinates":[[-74.0723872927048,39.9691641308074],[-74.0721208491019,39.969137862892],[-74.070848378872,39.969015601933]]}},{"type":"Feature","id":198602,"properties":{"OBJECTID":198602,"PRIMENAME":"Magee Avenue","ELEVTYP_F":0,"ELEVTYP_T":0},"geometry":{"type":"LineString","coordinates":[[-74.0718205885927,39.9729361543682],[-74.0719984267728,39.9729541074627],[-74.0724624271727,39.972956107973],[-74.0727614248223,39.972843109333],[-74.0728124274651,39.9728141088942],[-74.0729524270483,39.9726811088987],[-74.0729804256397,39.9726231072413],[-74.0730054258384,39.9725181071927],[-74.0729974260744,39.9724211072839],[-74.0729884255805,39.9723711090414],[-74.072968426605,39.9723431079538],[-74.0729104259754,39.9723091068368],[-74.0722875489259,39.9722296284036]]}},{"type":"Feature","id":200015,"properties":{"OBJECTID":200015,"PRIMENAME":"West Barnegat Way","ELEVTYP_F":0,"ELEVTYP_T":0},"geometry":{"type":"LineString","coordinates":[[-74.068733015177,39.9818701951546],[-74.0671158270477,39.981709706213],[-74.0666620139635,39.9816646657278]]}},{"type":"Feature","id":200726,"properties":{"OBJECTID":200726,"PRIMENAME":"Bullard Drive","ELEVTYP_F":0,"ELEVTYP_T":0},"geometry":{"type":"LineString","coordinates":[[-74.0833680635875,39.963347934048],[-74.0818015667871,39.9638088702314],[-74.0808800859579,39.9640755495244]]}},{"type":"Feature","id":201443,"properties":{"OBJECTID":201443,"PRIMENAME":"Brinley Avenue","ELEVTYP_F":0,"ELEVTYP_T":0},"geometry":{"type":"LineString","coordinates":[[-74.0752581671519,39.9611016234949],[-74.0737279678323,39.9609487072254]]}},{"type":"Feature","id":207324,"properties":{"OBJECTID":207324,"PRIMENAME":"Kerr Avenue","ELEVTYP_F":0,"ELEVTYP_T":0},"geometry":{"type":"LineString","coordinates":[[-74.0704242629146,39.9766156570238],[-74.0696115490481,39.9765350858405]]}},{"type":"Feature","id":207774,"properties":{"OBJECTID":207774,"PRIMENAME":"Dickman Drive","ELEVTYP_F":0,"ELEVTYP_T":0},"geometry":{"type":"LineString","coordinates":[[-74.080032512978,39.9634400573886],[-74.0802393321331,39.9635751656],[-74.0805277152744,39.9637623451083],[-74.0806498416337,39.9638440500497],[-74.0807007112232,39.9638861567722],[-74.0807447819114,39.9639256565435],[-74.0807921580496,39.963973048576],[-74.0808497115625,39.9640308824068],[-74.0808800859579,39.9640755495244]]}},{"type":"Feature","id":208588,"properties":{"OBJECTID":208588,"PRIMENAME":"Pershing Boulevard","ELEVTYP_F":0,"ELEVTYP_T":0},"geometry":{"type":"LineString","coordinates":[[-74.0820898174668,39.9619851408056],[-74.0819321993714,39.9619376544115],[-74.0812929053351,39.961743966599],[-74.081112703737,39.9616908788588],[-74.0809765803406,39.9616641960131],[-74.0808574429135,39.9616427634241],[-74.0806804233338,39.9616237847657],[-74.0800778330114,39.9615665583583],[-74.0797577642932,39.9615392355508],[-74.0787546454691,39.9614389934883],[-74.0786410843494,39.9614276452406]]}},{"type":"Feature","id":209775,"properties":{"OBJECTID":209775,"PRIMENAME":"Bay Boulevard","ELEVTYP_F":0,"ELEVTYP_T":0},"geometry":{"type":"LineString","coordinates":[[-74.0742257023865,39.9655599102214],[-74.0742514273988,39.9654850835522],[-74.074296699097,39.9653765600971],[-74.0743456456649,39.9652737885465],[-74.0744132518735,39.9651653749701],[-74.0744919179484,39.9650627124576],[-74.0745966806436,39.9649458144421],[-74.0746901534177,39.9648603916954],[-74.0747034893356,39.9648502274576]]}},{"type":"Feature","id":216399,"properties":{"OBJECTID":216399,"PRIMENAME":"Bay Boulevard","ELEVTYP_F":0,"ELEVTYP_T":0},"geometry":{"type":"LineString","coordinates":[[-74.0746462133318,39.9675464407864],[-74.0746519226122,39.9674311833594],[-74.0746512639662,39.967388054007],[-74.0746492578705,39.9672567329116],[-74.0746330291896,39.9671348333027]]}},{"type":"Feature","id":218274,"properties":{"OBJECTID":218274,"PRIMENAME":"Camden Avenue","ELEVTYP_F":0,"ELEVTYP_T":0},"geometry":{"type":"LineString","coordinates":[[-74.0726452052922,39.9707782344267],[-74.0725030288734,39.9707585205546],[-74.0724985002772,39.970758036385]]}},{"type":"Feature","id":221373,"properties":{"OBJECTID":221373,"PRIMENAME":"Bryn Mawr Avenue","ELEVTYP_F":0,"ELEVTYP_T":0},"geometry":{"type":"LineString","coordinates":[[-74.0644562525258,39.9798121634962],[-74.0671349827499,39.9800777090916]]}},{"type":"Feature","id":221689,"properties":{"OBJECTID":221689,"PRIMENAME":"Baltimore Avenue","ELEVTYP_F":0,"ELEVTYP_T":0},"geometry":{"type":"LineString","coordinates":[[-74.073601230392,39.961732100853],[-74.0737279678323,39.9609487072254]]}},{"type":"Feature","id":224100,"properties":{"OBJECTID":224100,"PRIMENAME":"Bay Boulevard","ELEVTYP_F":0,"ELEVTYP_T":0},"geometry":{"type":"LineString","coordinates":[[-74.0718205885927,39.9729361543682],[-74.071856245232,39.9729116327397],[-74.0719719259752,39.9728377153494],[-74.0720615944827,39.9727636747942],[-74.0721439839083,39.9726724748971],[-74.0722039476868,39.9725840483318],[-74.072245373678,39.9724984085793],[-74.0722719205005,39.9724127139091],[-74.07228738787,39.9723183855777],[-74.0722878525778,39.9722438310192],[-74.0722879226193,39.9722325940192],[-74.0722875489259,39.9722296284036]]}},{"type":"Feature","id":224391,"properties":{"OBJECTID":224391,"PRIMENAME":"Bay Boulevard","ELEVTYP_F":0,"ELEVTYP_T":0},"geometry":{"type":"LineString","coordinates":[[-74.0705947012623,39.9779883406897],[-74.0705880097171,39.9779513904297],[-74.0705651370464,39.977871388476],[-74.0705248691364,39.9777711705014],[-74.0704586770521,39.9776565261654],[-74.0703740899661,39.9775160884573],[-74.0703300578088,39.9774243951812],[-74.0703118962542,39.977355693818],[-74.0703084092586,39.9773254819136]]}},{"type":"Feature","id":227513,"properties":{"OBJECTID":227513,"PRIMENAME":"Bay Boulevard","ELEVTYP_F":0,"ELEVTYP_T":0},"geometry":{"type":"LineString","coordinates":[[-74.0713303615893,39.9744066292609],[-74.0712938185892,39.9736931374067],[-74.0712943086365,39.9736147036081]]}},{"type":"Feature","id":227660,"properties":{"OBJECTID":227660,"PRIMENAME":"Washington Avenue","ELEVTYP_F":0,"ELEVTYP_T":0},"geometry":{"type":"LineString","coordinates":[[-74.0754443216518,39.9607775177036],[-74.0755252323727,39.9602818072474]]}},{"type":"Feature","id":227742,"properties":{"OBJECTID":227742,"PRIMENAME":"2nd Avenue","ELEVTYP_F":0,"ELEVTYP_T":0},"geometry":{"type":"LineString","coordinates":[[-74.0756884156253,39.9592717219575],[-74.0751722611212,39.9592195088325],[-74.0740254062852,39.9591083129377]]}},{"type":"Feature","id":227843,"properties":{"OBJECTID":227843,"PRIMENAME":"Washington Avenue","ELEVTYP_F":0,"ELEVTYP_T":0},"geometry":{"type":"LineString","coordinates":[[-74.0755252323727,39.9602818072474],[-74.0755869718031,39.9599035009719],[-74.0756074170817,39.9597761628978]]}},{"type":"Feature","id":227955,"properties":{"OBJECTID":227955,"PRIMENAME":"Diane Lane","ELEVTYP_F":0,"ELEVTYP_T":0},"geometry":{"type":"LineString","coordinates":[[-74.0695468683566,39.9596506061254],[-74.0695670600569,39.9594893203535],[-74.0695682990393,39.959462337822],[-74.0695609712463,39.959441913091],[-74.0695483075124,39.9594304171202],[-74.0695292571843,39.9594246088477],[-74.0694921251039,39.959417937196],[-74.0681299529573,39.9592815315426]]}},{"type":"Feature","id":228037,"properties":{"OBJECTID":228037,"PRIMENAME":"West Shore Way","ELEVTYP_F":0,"ELEVTYP_T":0},"geometry":{"type":"LineString","coordinates":[[-74.0678705654566,39.9806174319084],[-74.0669972806648,39.9805351456951]]}},{"type":"Feature","id":231973,"properties":{"OBJECTID":231973,"PRIMENAME":"Haddonfield Avenue","ELEVTYP_F":0,"ELEVTYP_T":0},"geometry":{"type":"LineString","coordinates":[[-74.067357414172,39.9793310593183],[-74.0684520158709,39.9794394958203],[-74.0690082983896,39.979494601067],[-74.0691194698421,39.9795046780775]]}},{"type":"Feature","id":235129,"properties":{"OBJECTID":235129,"PRIMENAME":"Bay Boulevard","ELEVTYP_F":0,"ELEVTYP_T":0},"geometry":{"type":"LineString","coordinates":[[-74.0735367281074,39.9692942953145],[-74.0733426766999,39.9692685712252]]}},{"type":"Feature","id":236233,"properties":{"OBJECTID":236233,"PRIMENAME":"Sea Gull Lane","ELEVTYP_F":0,"ELEVTYP_T":0},"geometry":{"type":"LineString","coordinates":[[-74.0707606160114,39.9593033542033],[-74.0722238588377,39.9594517697728]]}},{"type":"Feature","id":236283,"properties":{"OBJECTID":236283,"PRIMENAME":"Pershing Boulevard","ELEVTYP_F":0,"ELEVTYP_T":0},"geometry":{"type":"LineString","coordinates":[[-74.0749561544292,39.9678039397496],[-74.075090451301,39.9677857540495],[-74.0752060401977,39.9677700999922]]}},{"type":"Feature","id":236641,"properties":{"OBJECTID":236641,"PRIMENAME":"Philadelphia Avenue","ELEVTYP_F":0,"ELEVTYP_T":0},"geometry":{"type":"LineString","coordinates":[[-74.0707213174076,39.9697859495643],[-74.0718193361322,39.9698903938317],[-74.0727726634359,39.9699810639938]]}},{"type":"Feature","id":236844,"properties":{"OBJECTID":236844,"PRIMENAME":"Reese Avenue","ELEVTYP_F":0,"ELEVTYP_T":0},"geometry":{"type":"LineString","coordinates":[[-74.0711447042221,39.9736008359293],[-74.0712943086365,39.9736147036081]]}},{"type":"Feature","id":240048,"properties":{"OBJECTID":240048,"PRIMENAME":"Haddonfield Avenue","ELEVTYP_F":0,"ELEVTYP_T":0},"geometry":{"type":"LineString","coordinates":[[-74.0691194698421,39.9795046780775],[-74.069402086246,39.9795303815904],[-74.0718726238868,39.9797740423073]]}},{"type":"Feature","id":240937,"properties":{"OBJECTID":240937,"PRIMENAME":"Washington Avenue","ELEVTYP_F":0,"ELEVTYP_T":0},"geometry":{"type":"LineString","coordinates":[[-74.070848378872,39.969015601933],[-74.0702164952062,39.9689548948757],[-74.0691881507069,39.9688566093612]]}},{"type":"Feature","id":242827,"properties":{"OBJECTID":242827,"PRIMENAME":"Bond Avenue","ELEVTYP_F":0,"ELEVTYP_T":0},"geometry":{"type":"LineString","coordinates":[[-74.0712524780117,39.9759519561275],[-74.0710949950907,39.9759360542618]]}},{"type":"Feature","id":243823,"properties":{"OBJECTID":243823,"PRIMENAME":"1st Avenue","ELEVTYP_F":0,"ELEVTYP_T":0},"geometry":{"type":"LineString","coordinates":[[-74.0773309531982,39.960455076279],[-74.0771707537139,39.9604397492303]]}},{"type":"Feature","id":247020,"properties":{"OBJECTID":247020,"PRIMENAME":"Bay Boulevard","ELEVTYP_F":0,"ELEVTYP_T":0},"geometry":{"type":"LineString","coordinates":[[-74.0712524780117,39.9759519561275],[-74.0713102670496,39.9758180037834],[-74.0713480565031,39.9757209020371],[-74.0713748916226,39.9755894436399],[-74.0713831714364,39.9754522061259],[-74.0713837787151,39.9753549947915],[-74.0713748375561,39.9751983652681]]}},{"type":"Feature","id":247560,"properties":{"OBJECTID":247560,"PRIMENAME":"White Avenue","ELEVTYP_F":0,"ELEVTYP_T":0},"geometry":{"type":"LineString","coordinates":[[-74.0703084092586,39.9773254819136],[-74.0701503904893,39.9773206401885]]}},{"type":"Feature","id":247882,"properties":{"OBJECTID":247882,"PRIMENAME":"Baltimore Avenue","ELEVTYP_F":0,"ELEVTYP_T":0},"geometry":{"type":"LineString","coordinates":[[-74.0727412095555,39.9669578821509],[-74.0728616635927,39.9662184757857]]}},{"type":"Feature","id":248282,"properties":{"OBJECTID":248282,"PRIMENAME":"Hines Court","ELEVTYP_F":0,"ELEVTYP_T":0},"geometry":{"type":"LineString","coordinates":[[-74.0785230003151,39.9622227156214],[-74.0784567052331,39.9626013913699],[-74.0784564960082,39.9626354609284],[-74.0784665744748,39.9626617154914],[-74.0785005325671,39.962680178356],[-74.0785345882678,39.9626829376578],[-74.0785686238662,39.9626830613943],[-74.0786095534608,39.9626700877125],[-74.0789269006472,39.9625718851328]]}},{"type":"Feature","id":249497,"properties":{"OBJECTID":249497,"PRIMENAME":"Baltimore Avenue","ELEVTYP_F":0,"ELEVTYP_T":0},"geometry":{"type":"LineString","coordinates":[[-74.0723872927048,39.9691641308074],[-74.0725049214919,39.9684270205032]]}},{"type":"Feature","id":250113,"properties":{"OBJECTID":250113,"PRIMENAME":"Baltimore Avenue","ELEVTYP_F":0,"ELEVTYP_T":0},"geometry":{"type":"LineString","coordinates":[[-74.0732350475581,39.9639347395313],[-74.0733561203463,39.9631972287249]]}},{"type":"Feature","id":250160,"properties":{"OBJECTID":250160,"PRIMENAME":"FR PERSHING BLVD TO CO 629 SB","ELEVTYP_F":0,"ELEVTYP_T":0},"geometry":{"type":"LineString","coordinates":[[-74.0752060401977,39.9677700999922],[-74.074995214917,39.9677571099951],[-74.0749497835487,39.9677473076174]]}},{"type":"Feature","id":250510,"properties":{"OBJECTID":250510,"PRIMENAME":"Brooklyn Avenue","ELEVTYP_F":0,"ELEVTYP_T":0},"geometry":{"type":"LineString","coordinates":[[-74.07409956943,39.968585560722],[-74.0742551592096,39.9686049381982]]}},{"type":"Feature","id":254553,"properties":{"OBJECTID":254553,"PRIMENAME":"Pennsylvania Avenue","ELEVTYP_F":0,"ELEVTYP_T":0},"geometry":{"type":"LineString","coordinates":[[-74.0742208583479,39.9663351029117],[-74.0743611499737,39.9663464626704]]}},{"type":"Feature","id":258516,"properties":{"OBJECTID":258516,"PRIMENAME":"Newark Avenue","ELEVTYP_F":0,"ELEVTYP_T":0},"geometry":{"type":"LineString","coordinates":[[-74.081657626112,39.9628279497005],[-74.0807361347986,39.9625493694531],[-74.0803246638002,39.9624272761763],[-74.0801851829319,39.9623953092831],[-74.0800490425533,39.9623712337494],[-74.0798754974279,39.9623496300649],[-74.0796200904666,39.9623251208347],[-74.0788152432263,39.9622499686673]]}},{"type":"Feature","id":259873,"properties":{"OBJECTID":259873,"PRIMENAME":"East Channel Way","ELEVTYP_F":0,"ELEVTYP_T":0},"geometry":{"type":"LineString","coordinates":[[-74.0643580466019,39.9808762410853],[-74.0643916548637,39.9806838112158]]}},{"type":"Feature","id":259882,"properties":{"OBJECTID":259882,"PRIMENAME":"FR PERSHING BLVD TO CO 629 SB","ELEVTYP_F":0,"ELEVTYP_T":0},"geometry":{"type":"LineString","coordinates":[[-74.0749497835487,39.9677473076174],[-74.0749086986312,39.9677384533963],[-74.0748490927009,39.9677129230288],[-74.0747925271927,39.9676805394661],[-74.0747359605673,39.9676481558717],[-74.0746914037421,39.9676066200557],[-74.0746462133318,39.9675464407864]]}},{"type":"Feature","id":260602,"properties":{"OBJECTID":260602,"PRIMENAME":"Magee Avenue","ELEVTYP_F":0,"ELEVTYP_T":0},"geometry":{"type":"LineString","coordinates":[[-74.0703530385498,39.9720392204384],[-74.0686957975378,39.9718761138082]]}},{"type":"Feature","id":260612,"properties":{"OBJECTID":260612,"PRIMENAME":"Dickman Drive","ELEVTYP_F":0,"ELEVTYP_T":0},"geometry":{"type":"LineString","coordinates":[[-74.0808800859579,39.9640755495244],[-74.0809373542812,39.9641858730423],[-74.0809809090194,39.9643039993645],[-74.0811552685323,39.9647659900712],[-74.0811784264768,39.9648709741901],[-74.081191610327,39.9649496494195],[-74.0811841729994,39.9650518325713],[-74.0811739465591,39.9650964078568]]}},{"type":"Feature","id":260783,"properties":{"OBJECTID":260783,"PRIMENAME":"Bay Boulevard","ELEVTYP_F":0,"ELEVTYP_T":0},"geometry":{"type":"LineString","coordinates":[[-74.0726452052922,39.9707782344267],[-74.0726501468442,39.9707697418329],[-74.0727179030389,39.9706327233545],[-74.0727670159333,39.9705042288995],[-74.0728467586742,39.9702299853567],[-74.0729075193545,39.9700243068435],[-74.0729221623469,39.9699933655462]]}},{"type":"Feature","id":261342,"properties":{"OBJECTID":261342,"PRIMENAME":"Pershing Boulevard","ELEVTYP_F":0,"ELEVTYP_T":0},"geometry":{"type":"LineString","coordinates":[[-74.0800314059426,39.9671138853576],[-74.0803029589864,39.9669631044296],[-74.0810865875432,39.9665196779936],[-74.081336219865,39.9663762561798],[-74.0814593589819,39.9662928022978],[-74.0815552434383,39.9662144929459],[-74.0816683541537,39.9661021492569],[-74.0817712071327,39.9659924309498],[-74.0818740014085,39.9658984432586],[-74.0819562230501,39.9658253282276],[-74.0820588529853,39.9657522867172],[-74.0820769673292,39.965742331611]]}},{"type":"Feature","id":262111,"properties":{"OBJECTID":262111,"PRIMENAME":"1st Avenue","ELEVTYP_F":0,"ELEVTYP_T":0},"geometry":{"type":"LineString","coordinates":[[-74.0755252323727,39.9602818072474],[-74.0741241562072,39.9601436551256],[-74.073861733623,39.9601186958164]]}},{"type":"Feature","id":263360,"properties":{"OBJECTID":263360,"PRIMENAME":"Lavallette Avenue","ELEVTYP_F":0,"ELEVTYP_T":0},"geometry":{"type":"LineString","coordinates":[[-74.0751014851476,39.9658997093948],[-74.0742257023865,39.9655599102214]]}},{"type":"Feature","id":268196,"properties":{"OBJECTID":268196,"PRIMENAME":"Newark Avenue","ELEVTYP_F":0,"ELEVTYP_T":0},"geometry":{"type":"LineString","coordinates":[[-74.0777351852329,39.9621340558642],[-74.0770355458775,39.9620660280561]]}},{"type":"Feature","id":268227,"properties":{"OBJECTID":268227,"PRIMENAME":"Lavallette Avenue","ELEVTYP_F":0,"ELEVTYP_T":0},"geometry":{"type":"LineString","coordinates":[[-74.0749497835487,39.9677473076174],[-74.0749273958483,39.9675482684169],[-74.0749215359299,39.9673883563444],[-74.0749290842724,39.9672756591588],[-74.0749468376142,39.967162998489]]}},{"type":"Feature","id":277485,"properties":{"OBJECTID":277485,"PRIMENAME":"Ortley Avenue","ELEVTYP_F":0,"ELEVTYP_T":0},"geometry":{"type":"LineString","coordinates":[[-74.0705393410651,39.9781156850116],[-74.0693656412771,39.9780026419851]]}},{"type":"Feature","id":278130,"properties":{"OBJECTID":278130,"PRIMENAME":"2nd Avenue","ELEVTYP_F":0,"ELEVTYP_T":0},"geometry":{"type":"LineString","coordinates":[[-74.0774945523325,39.9594543789753],[-74.0773355010499,39.9594382880324]]}},{"type":"Feature","id":279195,"properties":{"OBJECTID":279195,"PRIMENAME":"West Bay Way","ELEVTYP_F":0,"ELEVTYP_T":0},"geometry":{"type":"LineString","coordinates":[[-74.0687622572927,39.9816906198122],[-74.0686313264273,39.9816776100754],[-74.0667135021379,39.9814870295286]]}},{"type":"Feature","id":280921,"properties":{"OBJECTID":280921,"PRIMENAME":"Brooklyn Avenue","ELEVTYP_F":0,"ELEVTYP_T":0},"geometry":{"type":"LineString","coordinates":[[-74.0709689341645,39.9682752920945],[-74.0711648826753,39.9682937530352],[-74.0725049214919,39.9684270205032]]}},{"type":"Feature","id":285065,"properties":{"OBJECTID":285065,"PRIMENAME":"Bay Boulevard","ELEVTYP_F":0,"ELEVTYP_T":0},"geometry":{"type":"LineString","coordinates":[[-74.0773309531982,39.960455076279],[-74.0774122091132,39.9599580542781],[-74.0774945523325,39.9594543789753]]}},{"type":"Feature","id":285996,"properties":{"OBJECTID":285996,"PRIMENAME":"East Shore Way","ELEVTYP_F":0,"ELEVTYP_T":0},"geometry":{"type":"LineString","coordinates":[[-74.0669972806648,39.9805351456951],[-74.0645838517567,39.9803077011853],[-74.0644593884983,39.9802959711243]]}},{"type":"Feature","id":287394,"properties":{"OBJECTID":287394,"PRIMENAME":"Brooklyn Avenue","ELEVTYP_F":0,"ELEVTYP_T":0},"geometry":{"type":"LineString","coordinates":[[-74.069312488359,39.9681190876972],[-74.0709689341645,39.9682752920945]]}},{"type":"Feature","id":288497,"properties":{"OBJECTID":288497,"PRIMENAME":"Railway Avenue East","ELEVTYP_F":0,"ELEVTYP_T":0},"geometry":{"type":"LineString","coordinates":[[-74.0722238588377,39.9594517697728],[-74.0723044554419,39.9589413724146]]}},{"type":"Feature","id":288845,"properties":{"OBJECTID":288845,"PRIMENAME":"1st Avenue","ELEVTYP_F":0,"ELEVTYP_T":0},"geometry":{"type":"LineString","coordinates":[[-74.0725140811328,39.9599904942343],[-74.0723337056966,39.9599727802795]]}},{"type":"Feature","id":289271,"properties":{"OBJECTID":289271,"PRIMENAME":"East Channel Way","ELEVTYP_F":0,"ELEVTYP_T":0},"geometry":{"type":"LineString","coordinates":[[-74.06682354135,39.9811122830986],[-74.0643580466019,39.9808762410853]]}},{"type":"Feature","id":294319,"properties":{"OBJECTID":294319,"PRIMENAME":"Baltimore Avenue","ELEVTYP_F":0,"ELEVTYP_T":0},"geometry":{"type":"LineString","coordinates":[[-74.0734821215308,39.9624586378598],[-74.0735137050776,39.9622733317676],[-74.073601230392,39.961732100853]]}},{"type":"Feature","id":295133,"properties":{"OBJECTID":295133,"PRIMENAME":"Jersey City Avenue","ELEVTYP_F":0,"ELEVTYP_T":0},"geometry":{"type":"LineString","coordinates":[[-74.0760637507865,39.9642183115561],[-74.0757211118977,39.9641810655943],[-74.0744360403996,39.9640505348028],[-74.0732350475581,39.9639347395313]]}},{"type":"Feature","id":296798,"properties":{"OBJECTID":296798,"PRIMENAME":"Sturgis Road","ELEVTYP_F":0,"ELEVTYP_T":0},"geometry":{"type":"LineString","coordinates":[[-74.081657626112,39.9628279497005],[-74.0820898174668,39.9619851408056]]}},{"type":"Feature","id":297369,"properties":{"OBJECTID":297369,"PRIMENAME":"Lavallette Avenue","ELEVTYP_F":0,"ELEVTYP_T":0},"geometry":{"type":"LineString","coordinates":[[-74.0749468376142,39.967162998489],[-74.0750021797788,39.9670242586367],[-74.0750918092563,39.9668568171842],[-74.0752325459037,39.966686955378],[-74.0754141707868,39.9665172152394],[-74.0755059352857,39.9664254166754],[-74.0755509224484,39.9663626847531],[-74.0755651871747,39.9663176311754],[-74.0755626377414,39.9662740796684],[-74.0755373166886,39.966185723579],[-74.0754851362704,39.9661076732395],[-74.0754227833436,39.9660476511805],[-74.075352405751,39.9660102210507],[-74.0751856953507,39.9659323823735],[-74.0751014851476,39.9658997093948]]}},{"type":"Feature","id":298014,"properties":{"OBJECTID":298014,"PRIMENAME":"Virginia Avenue","ELEVTYP_F":0,"ELEVTYP_T":0},"geometry":{"type":"LineString","coordinates":[[-74.0749468376142,39.967162998489],[-74.0746330291896,39.9671348333027]]}},{"type":"Feature","id":298488,"properties":{"OBJECTID":298488,"PRIMENAME":"New Jersey Avenue","ELEVTYP_F":0,"ELEVTYP_T":0},"geometry":{"type":"LineString","coordinates":[[-74.0745630578776,39.9648156427626],[-74.0747034893356,39.9648502274576]]}},{"type":"Feature","id":301016,"properties":{"OBJECTID":301016,"PRIMENAME":"Durborow Avenue","ELEVTYP_F":0,"ELEVTYP_T":0},"geometry":{"type":"LineString","coordinates":[[-74.0726028875467,39.9595134830552],[-74.0724094054329,39.95949819155]]}},{"type":"Feature","id":302098,"properties":{"OBJECTID":302098,"PRIMENAME":"Newark Avenue","ELEVTYP_F":0,"ELEVTYP_T":0},"geometry":{"type":"LineString","coordinates":[[-74.0768776264834,39.9620506818984],[-74.073601230392,39.961732100853]]}},{"type":"Feature","id":305064,"properties":{"OBJECTID":305064,"PRIMENAME":"Bay Boulevard","ELEVTYP_F":0,"ELEVTYP_T":0},"geometry":{"type":"LineString","coordinates":[[-74.0722875489259,39.9722296284036],[-74.0722772891517,39.9721467900736],[-74.0722555765502,39.9720523236474],[-74.0722264063121,39.9719635681191],[-74.0721641586086,39.9718117389747],[-74.0721386637636,39.9717287345095],[-74.072124248404,39.9716543366875],[-74.0721246941553,39.9715828489695],[-74.072140054547,39.9715056787779],[-74.0721488043777,39.9714874266572]]}},{"type":"Feature","id":306931,"properties":{"OBJECTID":306931,"PRIMENAME":"Reese Avenue","ELEVTYP_F":0,"ELEVTYP_T":0},"geometry":{"type":"LineString","coordinates":[[-74.070110493645,39.9735050075077],[-74.0711447042221,39.9736008359293]]}},{"type":"Feature","id":308901,"properties":{"OBJECTID":308901,"PRIMENAME":"Ortley Avenue","ELEVTYP_F":0,"ELEVTYP_T":0},"geometry":{"type":"LineString","coordinates":[[-74.0693656412771,39.9780026419851],[-74.067714192166,39.9778436328992]]}},{"type":"Feature","id":309245,"properties":{"OBJECTID":309245,"PRIMENAME":"East Bay Way","ELEVTYP_F":0,"ELEVTYP_T":0},"geometry":{"type":"LineString","coordinates":[[-74.0667135021379,39.9814870295286],[-74.0642936724443,39.981244854572]]}},{"type":"Feature","id":313918,"properties":{"OBJECTID":313918,"PRIMENAME":"West Rutherford Lane","ELEVTYP_F":0,"ELEVTYP_T":0},"geometry":{"type":"LineString","coordinates":[[-74.0686402673051,39.9824364694966],[-74.0665071884874,39.9822079300489]]}},{"type":"Feature","id":315484,"properties":{"OBJECTID":315484,"PRIMENAME":"Virginia Avenue","ELEVTYP_F":0,"ELEVTYP_T":0},"geometry":{"type":"LineString","coordinates":[[-74.0744865732179,39.9671216948587],[-74.0736785909458,39.9670491859247],[-74.072922709454,39.9669756275443],[-74.0727412095555,39.9669578821509]]}},{"type":"Feature","id":315632,"properties":{"OBJECTID":315632,"PRIMENAME":"Westmont Avenue","ELEVTYP_F":0,"ELEVTYP_T":0},"geometry":{"type":"LineString","coordinates":[[-74.0648340985549,39.9783159038084],[-74.0671150543157,39.9785417675759],[-74.0675800828876,39.9785859185873]]}},{"type":"Feature","id":316245,"properties":{"OBJECTID":316245,"PRIMENAME":"Morton Drive","ELEVTYP_F":0,"ELEVTYP_T":0},"geometry":{"type":"LineString","coordinates":[[-74.0847036984572,39.9639378756915],[-74.0837921566139,39.9641908869042],[-74.0821062200474,39.964688158957],[-74.0819799152814,39.9647296253856],[-74.0818774592285,39.9647685971592],[-74.0817681596165,39.9648180041131],[-74.0816895557116,39.9648596693305],[-74.0815630744793,39.9649299889546],[-74.0814571162068,39.9649872861962],[-74.0813170687787,39.9650470686854],[-74.0811739465591,39.9650964078568]]}},{"type":"Feature","id":316816,"properties":{"OBJECTID":316816,"PRIMENAME":"West Beach Way","ELEVTYP_F":0,"ELEVTYP_T":0},"geometry":{"type":"LineString","coordinates":[[-74.0677761239169,39.9813758439095],[-74.0667732320233,39.9812809554103]]}},{"type":"Feature","id":316987,"properties":{"OBJECTID":316987,"PRIMENAME":"Sturgis Road","ELEVTYP_F":0,"ELEVTYP_T":0},"geometry":{"type":"LineString","coordinates":[[-74.080032512978,39.9634400573886],[-74.0809367172259,39.9631739807637],[-74.0814725728852,39.9630081473559],[-74.0815137912397,39.9629849992525],[-74.0815375147153,39.9629716759961],[-74.0815957418802,39.9629247204002],[-74.0816300493446,39.9628802598917],[-74.081657626112,39.9628279497005]]}},{"type":"Feature","id":317377,"properties":{"OBJECTID":317377,"PRIMENAME":"Newark Avenue","ELEVTYP_F":0,"ELEVTYP_T":0},"geometry":{"type":"LineString","coordinates":[[-74.0788152432263,39.9622499686673],[-74.0785230003151,39.9622227156214]]}},{"type":"Feature","id":317682,"properties":{"OBJECTID":317682,"PRIMENAME":"Pershing Boulevard","ELEVTYP_F":0,"ELEVTYP_T":0},"geometry":{"type":"LineString","coordinates":[[-74.0768908856299,39.9677324197232],[-74.0769259752181,39.9677626900809],[-74.0770197765463,39.9678265874406],[-74.0771083529357,39.9678757786726],[-74.0771801735925,39.9679053614962],[-74.0772392811254,39.9679251233981],[-74.0773069564558,39.9679384106773],[-74.077374173062,39.9679448337289],[-74.0774504677112,39.9679489822113],[-74.0775395834177,39.9679454366599],[-74.0776210404974,39.967933982816],[-74.0777000005565,39.9679166453821],[-74.0777867035167,39.9678876133446],[-74.0778963503496,39.9678351643425],[-74.0780289991379,39.9677730523761],[-74.0781514893677,39.9677206219598],[-74.078271268366,39.9676740848089],[-74.0784395601127,39.967617895407],[-74.0786280690154,39.9675638103529],[-74.0787885677838,39.9675272213078],[-74.0789337240677,39.9674964237276],[-74.079106853442,39.9674657284345],[-74.0792750359592,39.9674271625306],[-74.0793795419027,39.9673982209307],[-74.0794941920574,39.9673614645372],[-74.0796191073411,39.9673149166979],[-74.07983335249,39.9672237236419],[-74.0799737289137,39.9671459344525],[-74.0800314059426,39.9671138853576]]}},{"type":"Feature","id":318679,"properties":{"OBJECTID":318679,"PRIMENAME":"New Jersey Avenue","ELEVTYP_F":0,"ELEVTYP_T":0},"geometry":{"type":"LineString","coordinates":[[-74.0699309412124,39.9643600870461],[-74.0701674127144,39.9643836683197],[-74.0715829700071,39.964518022628]]}},{"type":"Feature","id":321232,"properties":{"OBJECTID":321232,"PRIMENAME":"2nd Avenue","ELEVTYP_F":0,"ELEVTYP_T":0},"geometry":{"type":"LineString","coordinates":[[-74.0773355010499,39.9594382880324],[-74.0756884156253,39.9592717219575]]}},{"type":"Feature","id":327365,"properties":{"OBJECTID":327365,"PRIMENAME":"Pennsylvania Avenue","ELEVTYP_F":0,"ELEVTYP_T":0},"geometry":{"type":"LineString","coordinates":[[-74.0728616635927,39.9662184757857],[-74.0733121341932,39.966261398116],[-74.0742208583479,39.9663351029117]]}},{"type":"Feature","id":327467,"properties":{"OBJECTID":327467,"PRIMENAME":"Railway Avenue","ELEVTYP_F":0,"ELEVTYP_T":0},"geometry":{"type":"LineString","coordinates":[[-74.0721501213616,39.9599548074061],[-74.0722238588377,39.9594517697728]]}},{"type":"Feature","id":331541,"properties":{"OBJECTID":331541,"PRIMENAME":"Jersey City Avenue","ELEVTYP_F":0,"ELEVTYP_T":0},"geometry":{"type":"LineString","coordinates":[[-74.0772727841545,39.9644784305339],[-74.0769242392599,39.9643456281368],[-74.076816651547,39.9643194840995],[-74.0766755810689,39.9642903894636],[-74.0764564828647,39.9642609825782],[-74.0762492595417,39.9642384812067]]}},{"type":"Feature","id":331542,"properties":{"OBJECTID":331542,"PRIMENAME":"Pershing Boulevard","ELEVTYP_F":0,"ELEVTYP_T":0},"geometry":{"type":"LineString","coordinates":[[-74.0767740510042,39.9675367128081],[-74.0768075273838,39.9676338019516],[-74.0768649658212,39.967710058642],[-74.0768908856299,39.9677324197232]]}},{"type":"Feature","id":332127,"properties":{"OBJECTID":332127,"PRIMENAME":"1st Avenue","ELEVTYP_F":0,"ELEVTYP_T":0},"geometry":{"type":"LineString","coordinates":[[-74.0706718552337,39.9598451820702],[-74.0705508459701,39.9598616726483],[-74.0705025417555,39.9598614936973],[-74.0704937666878,39.9598605658788]]}},{"type":"Feature","id":332470,"properties":{"OBJECTID":332470,"PRIMENAME":"East Barnegat Way","ELEVTYP_F":0,"ELEVTYP_T":0},"geometry":{"type":"LineString","coordinates":[[-74.0666620139635,39.9816646657278],[-74.0642608229237,39.9814329503348]]}},{"type":"Feature","id":332765,"properties":{"OBJECTID":332765,"PRIMENAME":"Bryn Mawr Avenue","ELEVTYP_F":0,"ELEVTYP_T":0},"geometry":{"type":"LineString","coordinates":[[-74.0671349827499,39.9800777090916],[-74.0674245763196,39.9801064086146],[-74.0684445280599,39.9802093460757]]}},{"type":"Feature","id":332928,"properties":{"OBJECTID":332928,"PRIMENAME":"Bay Boulevard","ELEVTYP_F":0,"ELEVTYP_T":0},"geometry":{"type":"LineString","coordinates":[[-74.0735367281074,39.9692942953145],[-74.0736895062978,39.9691921258303],[-74.0738763221953,39.9690326753818],[-74.0740895038294,39.9688218179675],[-74.0742356063992,39.968633609863],[-74.0742551592096,39.9686049381982]]}},{"type":"Feature","id":333600,"properties":{"OBJECTID":333600,"PRIMENAME":"Pershing Boulevard","ELEVTYP_F":0,"ELEVTYP_T":0},"geometry":{"type":"LineString","coordinates":[[-74.0752060401977,39.9677700999922],[-74.0758111259527,39.9676881632244],[-74.0760892202705,39.9676505048863],[-74.0762163996748,39.967624860988],[-74.0763803211768,39.9675989504076],[-74.0767740510042,39.9675367128081]]}},{"type":"Feature","id":335123,"properties":{"OBJECTID":335123,"PRIMENAME":"Princeton Avenue","ELEVTYP_F":0,"ELEVTYP_T":0},"geometry":{"type":"LineString","coordinates":[[-74.0733561203463,39.9631972287249],[-74.0766023347408,39.9635151030197],[-74.0767191892025,39.9635367234938]]}},{"type":"Feature","id":335330,"properties":{"OBJECTID":335330,"PRIMENAME":"Washington Avenue","ELEVTYP_F":0,"ELEVTYP_T":0},"geometry":{"type":"LineString","coordinates":[[-74.0753955308088,39.9611153491468],[-74.0754074411963,39.9610240335686],[-74.0754208862131,39.9609209603113],[-74.0754443216518,39.9607775177036]]}},{"type":"Feature","id":335800,"properties":{"OBJECTID":335800,"PRIMENAME":"Magee Avenue","ELEVTYP_F":0,"ELEVTYP_T":0},"geometry":{"type":"LineString","coordinates":[[-74.0722875489259,39.9722296284036],[-74.0721465461238,39.9722157379124]]}},{"type":"Feature","id":338500,"properties":{"OBJECTID":338500,"PRIMENAME":"New York Avenue","ELEVTYP_F":0,"ELEVTYP_T":0},"geometry":{"type":"LineString","coordinates":[[-74.0714531364596,39.9653006885712],[-74.0708861409541,39.9652473622738],[-74.0698028351725,39.9651375955664]]}},{"type":"Feature","id":338999,"properties":{"OBJECTID":338999,"PRIMENAME":"New York Avenue","ELEVTYP_F":0,"ELEVTYP_T":0},"geometry":{"type":"LineString","coordinates":[[-74.0729876421736,39.965445047171],[-74.0714531364596,39.9653006885712]]}},{"type":"Feature","id":339218,"properties":{"OBJECTID":339218,"PRIMENAME":"Virginia Avenue","ELEVTYP_F":0,"ELEVTYP_T":0},"geometry":{"type":"LineString","coordinates":[[-74.0746330291896,39.9671348333027],[-74.0744865732179,39.9671216948587]]}},{"type":"Feature","id":339319,"properties":{"OBJECTID":339319,"PRIMENAME":"Vance Avenue","ELEVTYP_F":0,"ELEVTYP_T":0},"geometry":{"type":"LineString","coordinates":[[-74.0716127882366,39.9729162519279],[-74.0718104253038,39.9729351080315],[-74.0718205885927,39.9729361543682]]}},{"type":"Feature","id":340745,"properties":{"OBJECTID":340745,"PRIMENAME":"Bay Boulevard","ELEVTYP_F":0,"ELEVTYP_T":0},"geometry":{"type":"LineString","coordinates":[[-74.0768580315942,39.9635624331777],[-74.0768952954153,39.9634500360974],[-74.0769183162587,39.9633328654925],[-74.076926529336,39.9632041918957],[-74.0769272166574,39.9630926773075],[-74.0769100756272,39.9628638159959],[-74.0769105842846,39.9627812910529]]}},{"type":"Feature","id":341277,"properties":{"OBJECTID":341277,"PRIMENAME":"President Avenue","ELEVTYP_F":0,"ELEVTYP_T":0},"geometry":{"type":"LineString","coordinates":[[-74.0711702335639,39.9743919255687],[-74.0699814420782,39.9742827033225]]}},{"type":"Feature","id":342617,"properties":{"OBJECTID":342617,"PRIMENAME":"Camden Avenue","ELEVTYP_F":0,"ELEVTYP_T":0},"geometry":{"type":"LineString","coordinates":[[-74.0724985002772,39.970758036385],[-74.0705930754529,39.970567877512]]}},{"type":"Feature","id":345325,"properties":{"OBJECTID":345325,"PRIMENAME":"New York Avenue","ELEVTYP_F":0,"ELEVTYP_T":0},"geometry":{"type":"LineString","coordinates":[[-74.0740931202528,39.9655367189617],[-74.0733227572858,39.9654765621107],[-74.0729876421736,39.965445047171]]}},{"type":"Feature","id":347513,"properties":{"OBJECTID":347513,"PRIMENAME":"President Avenue","ELEVTYP_F":0,"ELEVTYP_T":0},"geometry":{"type":"LineString","coordinates":[[-74.0699814420782,39.9742827033225],[-74.0695824093538,39.9742460820591],[-74.0683270516453,39.9741230606981]]}},{"type":"Feature","id":349682,"properties":{"OBJECTID":349682,"PRIMENAME":"Grand Central Avenue","ELEVTYP_F":0,"ELEVTYP_T":0},"geometry":{"type":"LineString","coordinates":[[-74.0688163262093,39.9711389905291],[-74.0686957975378,39.9718761138082]]}},{"type":"Feature","id":349776,"properties":{"OBJECTID":349776,"PRIMENAME":"Grand Central Avenue","ELEVTYP_F":0,"ELEVTYP_T":0},"geometry":{"type":"LineString","coordinates":[[-74.0671349827499,39.9800777090916],[-74.0670556451994,39.9803412582871],[-74.0670251833889,39.9804424490114]]}},{"type":"Feature","id":349874,"properties":{"OBJECTID":349874,"PRIMENAME":"Grand Central Avenue","ELEVTYP_F":0,"ELEVTYP_T":0},"geometry":{"type":"LineString","coordinates":[[-74.0698028351725,39.9651375955664],[-74.0696738758572,39.965914056745]]}},{"type":"Feature","id":349939,"properties":{"OBJECTID":349939,"PRIMENAME":"Bay Boulevard","ELEVTYP_F":0,"ELEVTYP_T":0},"geometry":{"type":"LineString","coordinates":[[-74.0744865732179,39.9671216948587],[-74.0744970668918,39.9672247116511],[-74.0745068866502,39.9674420991304],[-74.0745059490378,39.967486275555],[-74.0745031095041,39.9676197108438],[-74.0744904595461,39.967732307303],[-74.0744606013858,39.967852115631]]}},{"type":"Feature","id":349948,"properties":{"OBJECTID":349948,"PRIMENAME":"Anna O Hankins Boulevard","ELEVTYP_F":0,"ELEVTYP_T":0},"geometry":{"type":"LineString","coordinates":[[-74.0694894382949,39.9772683042146],[-74.0693998215155,39.9777988700386],[-74.0693656412771,39.9780026419851]]}},{"type":"Feature","id":350094,"properties":{"OBJECTID":350094,"PRIMENAME":"West Central Avenue","ELEVTYP_F":0,"ELEVTYP_T":0},"geometry":{"type":"LineString","coordinates":[[-74.0686744757365,39.982229671651],[-74.0686604627266,39.9823157344354],[-74.0686402673051,39.9824364694966]]}},{"type":"Feature","id":350101,"properties":{"OBJECTID":350101,"PRIMENAME":"Bay Boulevard","ELEVTYP_F":0,"ELEVTYP_T":0},"geometry":{"type":"LineString","coordinates":[[-74.0716127882366,39.9729162519279],[-74.071592234754,39.9729278158432],[-74.071465294783,39.9730159945025],[-74.0714092377534,39.9730672628245],[-74.0713568743796,39.9731156895268],[-74.0712931985658,39.9731983923152],[-74.0712444031457,39.9732697011843],[-74.0712143224225,39.9733267759872],[-74.0711879341089,39.9733924572129],[-74.0711614217963,39.9734667316455],[-74.071149752616,39.9735410330635],[-74.0711447042221,39.9736008359293]]}},{"type":"Feature","id":350433,"properties":{"OBJECTID":350433,"PRIMENAME":"Anna O Hankins Boulevard","ELEVTYP_F":0,"ELEVTYP_T":0},"geometry":{"type":"LineString","coordinates":[[-74.070848378872,39.969015601933],[-74.0707888932415,39.9693815592377],[-74.0707213174076,39.9697859495643]]}},{"type":"Feature","id":350914,"properties":{"OBJECTID":350914,"PRIMENAME":"Anna O Hankins Boulevard","ELEVTYP_F":0,"ELEVTYP_T":0},"geometry":{"type":"LineString","coordinates":[[-74.0709689341645,39.9682752920945],[-74.0709199261052,39.9685750977745],[-74.070848378872,39.969015601933]]}},{"type":"Feature","id":350929,"properties":{"OBJECTID":350929,"PRIMENAME":"Grand Central Avenue","ELEVTYP_F":0,"ELEVTYP_T":0},"geometry":{"type":"LineString","coordinates":[[-74.0665071884874,39.9822079300489],[-74.0664110192096,39.9825491540837]]}},{"type":"Feature","id":350968,"properties":{"OBJECTID":350968,"PRIMENAME":"Bay Boulevard","ELEVTYP_F":0,"ELEVTYP_T":0},"geometry":{"type":"LineString","coordinates":[[-74.0774198182213,39.9589257587276],[-74.0773355010499,39.9594382880324]]}},{"type":"Feature","id":351046,"properties":{"OBJECTID":351046,"PRIMENAME":"Grand Central Avenue","ELEVTYP_F":0,"ELEVTYP_T":0},"geometry":{"type":"LineString","coordinates":[[-74.0689365077432,39.970405270421],[-74.0689013010507,39.9706194707023],[-74.0688163262093,39.9711389905291]]}},{"type":"Feature","id":351450,"properties":{"OBJECTID":351450,"PRIMENAME":"Anna O Hankins Boulevard","ELEVTYP_F":0,"ELEVTYP_T":0},"geometry":{"type":"LineString","coordinates":[[-74.0717060889398,39.9637872747442],[-74.0716381063476,39.9641899900867],[-74.0715829700071,39.964518022628]]}},{"type":"Feature","id":351813,"properties":{"OBJECTID":351813,"PRIMENAME":"West Central Avenue","ELEVTYP_F":0,"ELEVTYP_T":0},"geometry":{"type":"LineString","coordinates":[[-74.0687622572927,39.9816906198122],[-74.068733015177,39.9818701951546]]}},{"type":"Feature","id":351907,"properties":{"OBJECTID":351907,"PRIMENAME":"Bay Boulevard","ELEVTYP_F":0,"ELEVTYP_T":0},"geometry":{"type":"LineString","coordinates":[[-74.077254190868,39.9599374850458],[-74.0772264434479,39.9601097116877],[-74.0771707537139,39.9604397492303]]}},{"type":"Feature","id":352324,"properties":{"OBJECTID":352324,"PRIMENAME":"Bay Boulevard","ELEVTYP_F":0,"ELEVTYP_T":0},"geometry":{"type":"LineString","coordinates":[[-74.07409956943,39.968585560722],[-74.0740833604032,39.9686101824413],[-74.0740084714524,39.9687014104549],[-74.0739073932044,39.9688154382209],[-74.0737989649423,39.9689237013464],[-74.0736943184348,39.9690148476612],[-74.0735001344876,39.9691599395024],[-74.0733433577222,39.9692680522203],[-74.0733426766999,39.9692685712252]]}},{"type":"Feature","id":352873,"properties":{"OBJECTID":352873,"PRIMENAME":"Railway Avenue West","ELEVTYP_F":0,"ELEVTYP_T":0},"geometry":{"type":"LineString","coordinates":[[-74.0724094054329,39.95949819155],[-74.0723337056966,39.9599727802795]]}},{"type":"Feature","id":353023,"properties":{"OBJECTID":353023,"PRIMENAME":"West Central Avenue","ELEVTYP_F":0,"ELEVTYP_T":0},"geometry":{"type":"LineString","coordinates":[[-74.0691194698421,39.9795046780775],[-74.0690590465935,39.9798692846604],[-74.0689927404597,39.9803067591673]]}},{"type":"Feature","id":353790,"properties":{"OBJECTID":353790,"PRIMENAME":"Grand Central Avenue","ELEVTYP_F":0,"ELEVTYP_T":0},"geometry":{"type":"LineString","coordinates":[[-74.06682354135,39.9811122830986],[-74.0667853423989,39.9812391753713],[-74.0667732320233,39.9812809554103]]}},{"type":"Feature","id":353853,"properties":{"OBJECTID":353853,"PRIMENAME":"Grand Central Avenue","ELEVTYP_F":0,"ELEVTYP_T":0},"geometry":{"type":"LineString","coordinates":[[-74.0690642423179,39.9696276802486],[-74.0689365077432,39.970405270421]]}},{"type":"Feature","id":355098,"properties":{"OBJECTID":355098,"PRIMENAME":"Grand Central Avenue","ELEVTYP_F":0,"ELEVTYP_T":0},"geometry":{"type":"LineString","coordinates":[[-74.0684543435998,39.9733501645685],[-74.0683649885313,39.9738954737362],[-74.0683270516453,39.9741230606981]]}},{"type":"Feature","id":356851,"properties":{"OBJECTID":356851,"PRIMENAME":"West Central Avenue","ELEVTYP_F":0,"ELEVTYP_T":0},"geometry":{"type":"LineString","coordinates":[[-74.0692489206978,39.9787063123637],[-74.0691849383746,39.9791093417901],[-74.0691194698421,39.9795046780775]]}},{"type":"Feature","id":358400,"properties":{"OBJECTID":358400,"PRIMENAME":"Grand Central Avenue","ELEVTYP_F":0,"ELEVTYP_T":0},"geometry":{"type":"LineString","coordinates":[[-74.0700511017256,39.9636260081289],[-74.0699309412124,39.9643600870461]]}},{"type":"Feature","id":360522,"properties":{"OBJECTID":360522,"PRIMENAME":"Anna O Hankins Boulevard","ELEVTYP_F":0,"ELEVTYP_T":0},"geometry":{"type":"LineString","coordinates":[[-74.0722335798699,39.960591160304],[-74.0721986812453,39.9608014405097]]}},{"type":"Feature","id":360925,"properties":{"OBJECTID":360925,"PRIMENAME":"Bay Boulevard","ELEVTYP_F":0,"ELEVTYP_T":0},"geometry":{"type":"LineString","coordinates":[[-74.0745630578776,39.9648156427626],[-74.0744556626634,39.9649138620454],[-74.0743546801881,39.9650193257744],[-74.074268433992,39.9651362366289],[-74.0741970817752,39.9652618219306],[-74.074148064448,39.965370303667],[-74.0741141013715,39.965455999555],[-74.0740931202528,39.9655367189617]]}},{"type":"Feature","id":361624,"properties":{"OBJECTID":361624,"PRIMENAME":"Grand Central Avenue","ELEVTYP_F":0,"ELEVTYP_T":0},"geometry":{"type":"LineString","coordinates":[[-74.068197372713,39.9749008619602],[-74.0680755538934,39.9756311708275]]}},{"type":"Feature","id":362048,"properties":{"OBJECTID":362048,"PRIMENAME":"Grand Central Avenue","ELEVTYP_F":0,"ELEVTYP_T":0},"geometry":{"type":"LineString","coordinates":[[-74.0680755538934,39.9756311708275],[-74.0680462931077,39.975806792902],[-74.0679558489802,39.9763709853296]]}},{"type":"Feature","id":363874,"properties":{"OBJECTID":363874,"PRIMENAME":"Bay Boulevard","ELEVTYP_F":0,"ELEVTYP_T":0},"geometry":{"type":"LineString","coordinates":[[-74.0705393410651,39.9781156850116],[-74.0704756699175,39.9781797182909],[-74.0704892851476,39.9783704344401],[-74.0705765837627,39.9784712382832]]}},{"type":"Feature","id":364717,"properties":{"OBJECTID":364717,"PRIMENAME":"Anna O Hankins Boulevard","ELEVTYP_F":0,"ELEVTYP_T":0},"geometry":{"type":"LineString","coordinates":[[-74.070110493645,39.9735050075077],[-74.0700549730763,39.9738519531532],[-74.0699814420782,39.9742827033225]]}},{"type":"Feature","id":364906,"properties":{"OBJECTID":364906,"PRIMENAME":"State Highway 35 Avenue North","ELEVTYP_F":0,"ELEVTYP_T":0},"geometry":{"type":"LineString","coordinates":[[-74.0706718552337,39.9598451820702],[-74.0706428310916,39.9600224058393],[-74.0706303853502,39.9600983996433],[-74.070620132653,39.9601602351714]]}},{"type":"Feature","id":366494,"properties":{"OBJECTID":366494,"PRIMENAME":"Bay Boulevard","ELEVTYP_F":0,"ELEVTYP_T":0},"geometry":{"type":"LineString","coordinates":[[-74.0704242629146,39.9766156570238],[-74.0703757145375,39.9766581950379],[-74.0703045589521,39.9767436968292],[-74.0702407358745,39.9768435560457],[-74.0702068161244,39.9769206300751],[-74.0701727354479,39.9770177721996],[-74.0701497165317,39.977132030979],[-74.0701417205782,39.9772235323002],[-74.070145019699,39.9772893233288],[-74.0701503904893,39.9773206401885]]}},{"type":"Feature","id":366710,"properties":{"OBJECTID":366710,"PRIMENAME":"West Central Avenue","ELEVTYP_F":0,"ELEVTYP_T":0},"geometry":{"type":"LineString","coordinates":[[-74.0689410661962,39.9806308023275],[-74.0688275188165,39.9812979735284]]}},{"type":"Feature","id":367053,"properties":{"OBJECTID":367053,"PRIMENAME":"Anna O Hankins Boulevard","ELEVTYP_F":0,"ELEVTYP_T":0},"geometry":{"type":"LineString","coordinates":[[-74.0704727164302,39.9713039324273],[-74.070406199091,39.9717039335894],[-74.0703530385498,39.9720392204384]]}},{"type":"Feature","id":367422,"properties":{"OBJECTID":367422,"PRIMENAME":"Anna O Hankins Boulevard","ELEVTYP_F":0,"ELEVTYP_T":0},"geometry":{"type":"LineString","coordinates":[[-74.0705930754529,39.970567877512],[-74.0705267747861,39.9709789439231],[-74.0704727164302,39.9713039324273]]}},{"type":"Feature","id":370337,"properties":{"OBJECTID":370337,"PRIMENAME":"Bay Boulevard","ELEVTYP_F":0,"ELEVTYP_T":0},"geometry":{"type":"LineString","coordinates":[[-74.0733426766999,39.9692685712252],[-74.0732536957493,39.9693363563192],[-74.0731453183348,39.9694417916775],[-74.0730342037483,39.969568659164],[-74.073032982294,39.9695700534685],[-74.0729431763039,39.9696726738604],[-74.0728681248203,39.9697839413247],[-74.0728154798602,39.9698838162607],[-74.0727726634359,39.9699810639938]]}},{"type":"Feature","id":370643,"properties":{"OBJECTID":370643,"PRIMENAME":"Grand Central Avenue","ELEVTYP_F":0,"ELEVTYP_T":0},"geometry":{"type":"LineString","coordinates":[[-74.0670251833889,39.9804424490114],[-74.0669972806648,39.9805351456951]]}},{"type":"Feature","id":370654,"properties":{"OBJECTID":370654,"PRIMENAME":"Bay Boulevard","ELEVTYP_F":0,"ELEVTYP_T":0},"geometry":{"type":"LineString","coordinates":[[-74.0742208583479,39.9663351029117],[-74.0743008953831,39.9665004764629],[-74.0743704570581,39.9666694620747],[-74.0744143462166,39.9667839954876],[-74.0744435169741,39.9668727784694],[-74.0744760804097,39.9670187321094],[-74.0744865732179,39.9671216948587]]}},{"type":"Feature","id":370655,"properties":{"OBJECTID":370655,"PRIMENAME":"Bay Boulevard","ELEVTYP_F":0,"ELEVTYP_T":0},"geometry":{"type":"LineString","coordinates":[[-74.0701503904893,39.9773206401885],[-74.0701557945106,39.9773522598092],[-74.0701776133312,39.9774295675238],[-74.0702140988553,39.9775297995216],[-74.0702434824582,39.9775956593342],[-74.0702949550258,39.9776845258756],[-74.0703501397076,39.9777790887263],[-74.0703884579395,39.9778544534737],[-74.0704197923777,39.9779337734602],[-74.0704395018559,39.9779890284458],[-74.0704617346826,39.9780343273326],[-74.0704960389042,39.9780784072493],[-74.0705393410651,39.9781156850116]]}},{"type":"Feature","id":370879,"properties":{"OBJECTID":370879,"PRIMENAME":"Anna O Hankins Boulevard","ELEVTYP_F":0,"ELEVTYP_T":0},"geometry":{"type":"LineString","coordinates":[[-74.0714531364596,39.9653006885712],[-74.0713298270467,39.9660724779804]]}},{"type":"Feature","id":371015,"properties":{"OBJECTID":371015,"PRIMENAME":"State Highway 35","ELEVTYP_F":0,"ELEVTYP_T":0},"geometry":{"type":"LineString","coordinates":[[-74.0725009088437,39.9589604355239],[-74.0724094054329,39.95949819155]]}},{"type":"Feature","id":371469,"properties":{"OBJECTID":371469,"PRIMENAME":"Anna O Hankins Boulevard","ELEVTYP_F":0,"ELEVTYP_T":0},"geometry":{"type":"LineString","coordinates":[[-74.0698526666049,39.9750558432199],[-74.0697982045002,39.975387226512],[-74.0697316089926,39.9757984000039]]}},{"type":"Feature","id":373547,"properties":{"OBJECTID":373547,"PRIMENAME":"Grand Central Avenue","ELEVTYP_F":0,"ELEVTYP_T":0},"geometry":{"type":"LineString","coordinates":[[-74.0679558489802,39.9763709853296],[-74.0678383279964,39.9771036155891],[-74.0678372532933,39.9771099255537]]}},{"type":"Feature","id":374061,"properties":{"OBJECTID":374061,"PRIMENAME":"West Central Avenue","ELEVTYP_F":0,"ELEVTYP_T":0},"geometry":{"type":"LineString","coordinates":[[-74.0689927404597,39.9803067591673],[-74.0689644455568,39.980493421308],[-74.0689410661962,39.9806308023275]]}},{"type":"Feature","id":374851,"properties":{"OBJECTID":374851,"PRIMENAME":"Grand Central Avenue","ELEVTYP_F":0,"ELEVTYP_T":0},"geometry":{"type":"LineString","coordinates":[[-74.0683270516453,39.9741230606981],[-74.068197372713,39.9749008619602]]}},{"type":"Feature","id":375807,"properties":{"OBJECTID":375807,"PRIMENAME":"Grand Central Avenue","ELEVTYP_F":0,"ELEVTYP_T":0},"geometry":{"type":"LineString","coordinates":[[-74.0678372532933,39.9771099255537],[-74.067714192166,39.9778436328992]]}},{"type":"Feature","id":375983,"properties":{"OBJECTID":375983,"PRIMENAME":"Anna O Hankins Boulevard","ELEVTYP_F":0,"ELEVTYP_T":0},"geometry":{"type":"LineString","coordinates":[[-74.0707213174076,39.9697859495643],[-74.0706631582,39.9701337101113],[-74.0705930754529,39.970567877512]]}},{"type":"Feature","id":376044,"properties":{"OBJECTID":376044,"PRIMENAME":"Grand Central Avenue","ELEVTYP_F":0,"ELEVTYP_T":0},"geometry":{"type":"LineString","coordinates":[[-74.0686957975378,39.9718761138082],[-74.0686355314787,39.9722449770956],[-74.0685751978699,39.9726129339616]]}},{"type":"Feature","id":376386,"properties":{"OBJECTID":376386,"PRIMENAME":"Grand Central Avenue","ELEVTYP_F":0,"ELEVTYP_T":0},"geometry":{"type":"LineString","coordinates":[[-74.0685751978699,39.9726129339616],[-74.0684543435998,39.9733501645685]]}},{"type":"Feature","id":376805,"properties":{"OBJECTID":376805,"PRIMENAME":"Grand Central Avenue","ELEVTYP_F":0,"ELEVTYP_T":0},"geometry":{"type":"LineString","coordinates":[[-74.0695534262899,39.9666473655896],[-74.0694335600775,39.9673841080871]]}},{"type":"Feature","id":376905,"properties":{"OBJECTID":376905,"PRIMENAME":"Anna O Hankins Boulevard","ELEVTYP_F":0,"ELEVTYP_T":0},"geometry":{"type":"LineString","coordinates":[[-74.0693656412771,39.9780026419851],[-74.0693409237403,39.9781498007764]]}},{"type":"Feature","id":377086,"properties":{"OBJECTID":377086,"PRIMENAME":"Anna O Hawkins Boulevard","ELEVTYP_F":0,"ELEVTYP_T":0},"geometry":{"type":"LineString","coordinates":[[-74.072257023417,39.9604499080033],[-74.0722335798699,39.960591160304]]}},{"type":"Feature","id":377199,"properties":{"OBJECTID":377199,"PRIMENAME":"Anna O Hankins Boulevard","ELEVTYP_F":0,"ELEVTYP_T":0},"geometry":{"type":"LineString","coordinates":[[-74.0693409237403,39.9781498007764],[-74.0692741860214,39.9785471203686],[-74.0692489206978,39.9787063123637]]}},{"type":"Feature","id":377529,"properties":{"OBJECTID":377529,"PRIMENAME":"Grand Central Avenue","ELEVTYP_F":0,"ELEVTYP_T":0},"geometry":{"type":"LineString","coordinates":[[-74.0666620139635,39.9816646657278],[-74.0666000846792,39.9818783173169],[-74.066586475208,39.9819266119545]]}},{"type":"Feature","id":377689,"properties":{"OBJECTID":377689,"PRIMENAME":"Grand Central Avenue","ELEVTYP_F":0,"ELEVTYP_T":0},"geometry":{"type":"LineString","coordinates":[[-74.0699309412124,39.9643600870461],[-74.0698624576042,39.9647784195641],[-74.0698028351725,39.9651375955664]]}},{"type":"Feature","id":377971,"properties":{"OBJECTID":377971,"PRIMENAME":"Grand Central Avenue","ELEVTYP_F":0,"ELEVTYP_T":0},"geometry":{"type":"LineString","coordinates":[[-74.0694335600775,39.9673841080871],[-74.069355292446,39.9678650805895],[-74.069312488359,39.9681190876972]]}},{"type":"Feature","id":378142,"properties":{"OBJECTID":378142,"PRIMENAME":"Bay Boulevard","ELEVTYP_F":0,"ELEVTYP_T":0},"geometry":{"type":"LineString","coordinates":[[-74.0771707537139,39.9604397492303],[-74.0771531647783,39.9605440920037],[-74.0770881318719,39.9609312545781]]}},{"type":"Feature","id":378185,"properties":{"OBJECTID":378185,"PRIMENAME":"Bay Boulevard","ELEVTYP_F":0,"ELEVTYP_T":0},"geometry":{"type":"LineString","coordinates":[[-74.0727726634359,39.9699810639938],[-74.0727664741573,39.9699951805348],[-74.072736181764,39.970080861551],[-74.0726904954645,39.9702494232238],[-74.0726336396783,39.9704351031275],[-74.0725919661409,39.9705607697053],[-74.072528177052,39.9707024972429],[-74.0724994736202,39.9707564484195],[-74.0724985002772,39.970758036385]]}},{"type":"Feature","id":378820,"properties":{"OBJECTID":378820,"PRIMENAME":"Anna O Hankins Boulevard","ELEVTYP_F":0,"ELEVTYP_T":0},"geometry":{"type":"LineString","coordinates":[[-74.0696115490481,39.9765350858405],[-74.0695569662905,39.9768683356536],[-74.0694894382949,39.9772683042146]]}},{"type":"Feature","id":379067,"properties":{"OBJECTID":379067,"PRIMENAME":"Anna O Hankins Boulevard","ELEVTYP_F":0,"ELEVTYP_T":0},"geometry":{"type":"LineString","coordinates":[[-74.071825848266,39.9630514360136],[-74.0717794793191,39.9633525419047],[-74.0717060889398,39.9637872747442]]}},{"type":"Feature","id":379139,"properties":{"OBJECTID":379139,"PRIMENAME":"Bay Boulevard","ELEVTYP_F":0,"ELEVTYP_T":0},"geometry":{"type":"LineString","coordinates":[[-74.0711702335639,39.9743919255687],[-74.071193270606,39.9749138783561],[-74.0712123203477,39.9751831321885]]}},{"type":"Feature","id":379283,"properties":{"OBJECTID":379283,"PRIMENAME":"Bay Boulevard","ELEVTYP_F":0,"ELEVTYP_T":0},"geometry":{"type":"LineString","coordinates":[[-74.0740931202528,39.9655367189617],[-74.0740836539349,39.9655731152443],[-74.0740720074145,39.9656560099317],[-74.0740677650606,39.9657360216243],[-74.0740742097822,39.9658934103369],[-74.0740957281293,39.9660192827032],[-74.0741322123599,39.9661366713037],[-74.0741761189813,39.9662426120973],[-74.0742208583479,39.9663351029117]]}},{"type":"Feature","id":379817,"properties":{"OBJECTID":379817,"PRIMENAME":"Bay Boulevard","ELEVTYP_F":0,"ELEVTYP_T":0},"geometry":{"type":"LineString","coordinates":[[-74.0719948124305,39.9714567969794],[-74.0719945954672,39.9714572348242],[-74.0719795602808,39.9715165892503],[-74.07197544452,39.9715872951114],[-74.0719807756934,39.971710801254],[-74.0719997713029,39.9718117365125],[-74.0720482474727,39.9719229108931],[-74.0720959541652,39.9720202727242],[-74.0721325640293,39.9721176485187],[-74.0721432505092,39.9721834677188],[-74.0721465461238,39.9722157379124]]}},{"type":"Feature","id":380393,"properties":{"OBJECTID":380393,"PRIMENAME":"Grand Central Avenue","ELEVTYP_F":0,"ELEVTYP_T":0},"geometry":{"type":"LineString","coordinates":[[-74.0705416283965,39.9606336656619],[-74.0704114589928,39.9614182788502]]}},{"type":"Feature","id":380498,"properties":{"OBJECTID":380498,"PRIMENAME":"Anna O Hankins Boulevard","ELEVTYP_F":0,"ELEVTYP_T":0},"geometry":{"type":"LineString","coordinates":[[-74.0710889880973,39.9675404159665],[-74.0710667715429,39.9676755988986],[-74.0709689341645,39.9682752920945]]}},{"type":"Feature","id":380515,"properties":{"OBJECTID":380515,"PRIMENAME":"Anna O Hankins Boulevard","ELEVTYP_F":0,"ELEVTYP_T":0},"geometry":{"type":"LineString","coordinates":[[-74.0715829700071,39.964518022628],[-74.0714862923709,39.9650933701613],[-74.0714531364596,39.9653006885712]]}},{"type":"Feature","id":380574,"properties":{"OBJECTID":380574,"PRIMENAME":"State Highway 35 Avenue North","ELEVTYP_F":0,"ELEVTYP_T":0},"geometry":{"type":"LineString","coordinates":[[-74.0707606160114,39.9593033542033],[-74.0706718552337,39.9598451820702]]}},{"type":"Feature","id":380820,"properties":{"OBJECTID":380820,"PRIMENAME":"Anna O Hankins Boulevard","ELEVTYP_F":0,"ELEVTYP_T":0},"geometry":{"type":"LineString","coordinates":[[-74.0712092727331,39.9668082867379],[-74.0710889880973,39.9675404159665]]}},{"type":"Feature","id":381133,"properties":{"OBJECTID":381133,"PRIMENAME":"Bay Boulevard","ELEVTYP_F":0,"ELEVTYP_T":0},"geometry":{"type":"LineString","coordinates":[[-74.0769553443268,39.9616505640369],[-74.0768960921617,39.9619546334466],[-74.0768776264834,39.9620506818984]]}},{"type":"Feature","id":381253,"properties":{"OBJECTID":381253,"PRIMENAME":"Grand Central Avenue","ELEVTYP_F":0,"ELEVTYP_T":0},"geometry":{"type":"LineString","coordinates":[[-74.0701715787245,39.962886576335],[-74.0701040010917,39.9633029633263],[-74.0700511017256,39.9636260081289]]}},{"type":"Feature","id":382142,"properties":{"OBJECTID":382142,"PRIMENAME":"Bay Boulevard","ELEVTYP_F":0,"ELEVTYP_T":0},"geometry":{"type":"LineString","coordinates":[[-74.0721465461238,39.9722157379124],[-74.0721502808156,39.9722521277727],[-74.0721386302402,39.9723292846273],[-74.0721195415211,39.9724035587734],[-74.0720668393517,39.972517736383],[-74.0720142799688,39.972603361987],[-74.0719580993394,39.9726689342979],[-74.0718908034113,39.9727316093791],[-74.0718235609778,39.972785691845],[-74.0717488601296,39.9728397467169],[-74.0716127882366,39.9729162519279]]}},{"type":"Feature","id":382485,"properties":{"OBJECTID":382485,"PRIMENAME":"Grand Central Avenue","ELEVTYP_F":0,"ELEVTYP_T":0},"geometry":{"type":"LineString","coordinates":[[-74.070290476448,39.9621538649776],[-74.0701715787245,39.962886576335]]}},{"type":"Feature","id":382861,"properties":{"OBJECTID":382861,"PRIMENAME":"West Central Avenue","ELEVTYP_F":0,"ELEVTYP_T":0},"geometry":{"type":"LineString","coordinates":[[-74.0686899488549,39.9821346558506],[-74.0686893959504,39.982138049464],[-74.0686744757365,39.982229671651]]}},{"type":"Feature","id":383106,"properties":{"OBJECTID":383106,"PRIMENAME":"Grand Central Avenue","ELEVTYP_F":0,"ELEVTYP_T":0},"geometry":{"type":"LineString","coordinates":[[-74.0667135021379,39.9814870295286],[-74.0666620139635,39.9816646657278]]}},{"type":"Feature","id":384480,"properties":{"OBJECTID":384480,"PRIMENAME":"Grand Central Avenue","ELEVTYP_F":0,"ELEVTYP_T":0},"geometry":{"type":"LineString","coordinates":[[-74.0667732320233,39.9812809554103],[-74.0667135021379,39.9814870295286]]}},{"type":"Feature","id":384549,"properties":{"OBJECTID":384549,"PRIMENAME":"Grand Central Avenue","ELEVTYP_F":0,"ELEVTYP_T":0},"geometry":{"type":"LineString","coordinates":[[-74.0691881507069,39.9688566093612],[-74.0690896933827,39.9694727166655],[-74.0690642423179,39.9696276802486]]}},{"type":"Feature","id":384626,"properties":{"OBJECTID":384626,"PRIMENAME":"Bay Boulevard","ELEVTYP_F":0,"ELEVTYP_T":0},"geometry":{"type":"LineString","coordinates":[[-74.0712123203477,39.9751831321885],[-74.0712239894997,39.9753486654211],[-74.0712156556775,39.9754944963954],[-74.0712114440615,39.9755745628987],[-74.0711846266489,39.975703139053],[-74.071168592756,39.9757620500871],[-74.0711525866878,39.9758108858853],[-74.071120751866,39.9758857990033],[-74.0710949950907,39.9759360542618]]}},{"type":"Feature","id":385169,"properties":{"OBJECTID":385169,"PRIMENAME":"Grand Central Avenue","ELEVTYP_F":0,"ELEVTYP_T":0},"geometry":{"type":"LineString","coordinates":[[-74.066586475208,39.9819266119545],[-74.0665071884874,39.9822079300489]]}},{"type":"Feature","id":385232,"properties":{"OBJECTID":385232,"PRIMENAME":"Bay Boulevard","ELEVTYP_F":0,"ELEVTYP_T":0},"geometry":{"type":"LineString","coordinates":[[-74.0710949950907,39.9759360542618],[-74.0710826406695,39.9759601403556],[-74.0710375709033,39.9760286076371],[-74.0709775501872,39.9761141780799],[-74.0709138353958,39.9762025900646],[-74.0708427351308,39.9762738161559],[-74.0707381259774,39.9763677871276],[-74.0706521982383,39.9764361308625],[-74.0705662883738,39.9765015914281],[-74.0704504924915,39.9765926654429],[-74.0704242629146,39.9766156570238]]}},{"type":"Feature","id":385309,"properties":{"OBJECTID":385309,"PRIMENAME":"Anna O Hankins Boulevard","ELEVTYP_F":0,"ELEVTYP_T":0},"geometry":{"type":"LineString","coordinates":[[-74.0697316089926,39.9757984000039],[-74.0696933357733,39.9760347986363],[-74.0696115490481,39.9765350858405]]}},{"type":"Feature","id":385468,"properties":{"OBJECTID":385468,"PRIMENAME":"Anna O Hankins Boulevard","ELEVTYP_F":0,"ELEVTYP_T":0},"geometry":{"type":"LineString","coordinates":[[-74.0703530385498,39.9720392204384],[-74.0703065303541,39.9723320886466],[-74.070229998233,39.9727754297989]]}},{"type":"Feature","id":385521,"properties":{"OBJECTID":385521,"PRIMENAME":"Grand Central Avenue","ELEVTYP_F":0,"ELEVTYP_T":0},"geometry":{"type":"LineString","coordinates":[[-74.0669972806648,39.9805351456951],[-74.0669370012083,39.9807353840145]]}},{"type":"Feature","id":386178,"properties":{"OBJECTID":386178,"PRIMENAME":"Bay Boulevard","ELEVTYP_F":0,"ELEVTYP_T":0},"geometry":{"type":"LineString","coordinates":[[-74.0767191892025,39.9635367234938],[-74.0766898601265,39.9636179893768],[-74.0766147682894,39.9637435634541],[-74.076532343651,39.9638490689634],[-74.0764275852192,39.9639602033199],[-74.0763192028591,39.9640570480589],[-74.0762184189203,39.9641310243887],[-74.0761101787099,39.9641992628552],[-74.0760637507865,39.9642183115561]]}},{"type":"Feature","id":386300,"properties":{"OBJECTID":386300,"PRIMENAME":"Grand Central Avenue","ELEVTYP_F":0,"ELEVTYP_T":0},"geometry":{"type":"LineString","coordinates":[[-74.0704114589928,39.9614182788502],[-74.0703358969045,39.9618739228365],[-74.070290476448,39.9621538649776]]}},{"type":"Feature","id":387362,"properties":{"OBJECTID":387362,"PRIMENAME":"Bay Boulevard","ELEVTYP_F":0,"ELEVTYP_T":0},"geometry":{"type":"LineString","coordinates":[[-74.0724985002772,39.970758036385],[-74.0724666362447,39.9708096970999],[-74.0724264813982,39.9708747234886],[-74.0723739594156,39.9709431647698],[-74.0722504505268,39.9710942805999],[-74.0721406871947,39.9712211512724],[-74.0720818052431,39.9713024157709],[-74.0720331377054,39.971370651347],[-74.0719948124305,39.9714567969794]]}},{"type":"Feature","id":387443,"properties":{"OBJECTID":387443,"PRIMENAME":"West Central Avenue","ELEVTYP_F":0,"ELEVTYP_T":0},"geometry":{"type":"LineString","coordinates":[[-74.068733015177,39.9818701951546],[-74.0686899488549,39.9821346558506]]}},{"type":"Feature","id":387551,"properties":{"OBJECTID":387551,"PRIMENAME":"Anna O Hankins Boulevard","ELEVTYP_F":0,"ELEVTYP_T":0},"geometry":{"type":"LineString","coordinates":[[-74.0713298270467,39.9660724779804],[-74.0713184266789,39.9661440900826],[-74.0712092727331,39.9668082867379]]}},{"type":"Feature","id":387863,"properties":{"OBJECTID":387863,"PRIMENAME":"Anna O Hankins Boulevard","ELEVTYP_F":0,"ELEVTYP_T":0},"geometry":{"type":"LineString","coordinates":[[-74.0719476819432,39.9623142032144],[-74.071825848266,39.9630514360136]]}},{"type":"Feature","id":388483,"properties":{"OBJECTID":388483,"PRIMENAME":"Bay Boulevard","ELEVTYP_F":0,"ELEVTYP_T":0},"geometry":{"type":"LineString","coordinates":[[-74.0744606013858,39.967852115631],[-74.0744559173488,39.9678708764542],[-74.0744141954571,39.9680051363534],[-74.074357612662,39.9681421978225],[-74.0743514510317,39.9681553336809],[-74.0742973735238,39.9682706242304],[-74.074229710549,39.9683876581696],[-74.0741396598426,39.9685245956918],[-74.07409956943,39.968585560722]]}},{"type":"Feature","id":388916,"properties":{"OBJECTID":388916,"PRIMENAME":"State Highway 35","ELEVTYP_F":0,"ELEVTYP_T":0},"geometry":{"type":"LineString","coordinates":[[-74.0723337056966,39.9599727802795],[-74.0722862696996,39.9602702076986]]}},{"type":"Feature","id":389558,"properties":{"OBJECTID":389558,"PRIMENAME":"Anna O Hawkins Boulevard","ELEVTYP_F":0,"ELEVTYP_T":0},"geometry":{"type":"LineString","coordinates":[[-74.0722862696996,39.9602702076986],[-74.0722720390825,39.9603594310544],[-74.072257023417,39.9604499080033]]}},{"type":"Feature","id":389717,"properties":{"OBJECTID":389717,"PRIMENAME":"Bay Boulevard","ELEVTYP_F":0,"ELEVTYP_T":0},"geometry":{"type":"LineString","coordinates":[[-74.0768776264834,39.9620506818984],[-74.076847218759,39.9622087043586],[-74.076812907192,39.9623458475696],[-74.0767936321658,39.9624573222373],[-74.0767818132745,39.9625687961984],[-74.0767775041188,39.9626660762372],[-74.0767794029982,39.9627689255206]]}},{"type":"Feature","id":389775,"properties":{"OBJECTID":389775,"PRIMENAME":"Anna O Hankins Boulevard","ELEVTYP_F":0,"ELEVTYP_T":0},"geometry":{"type":"LineString","coordinates":[[-74.0699814420782,39.9742827033225],[-74.0699345435106,39.9745575880481],[-74.0698526666049,39.9750558432199]]}},{"type":"Feature","id":390478,"properties":{"OBJECTID":390478,"PRIMENAME":"Grand Central Avenue","ELEVTYP_F":0,"ELEVTYP_T":0},"geometry":{"type":"LineString","coordinates":[[-74.0669370012083,39.9807353840145],[-74.0668827774851,39.9809155068805]]}},{"type":"Feature","id":390709,"properties":{"OBJECTID":390709,"PRIMENAME":"Bay Boulevard","ELEVTYP_F":0,"ELEVTYP_T":0},"geometry":{"type":"LineString","coordinates":[[-74.0773355010499,39.9594382880324],[-74.0772959949665,39.9596780900932],[-74.077254190868,39.9599374850458]]}},{"type":"Feature","id":393487,"properties":{"OBJECTID":393487,"PRIMENAME":"Grand Central Avenue","ELEVTYP_F":0,"ELEVTYP_T":0},"geometry":{"type":"LineString","coordinates":[[-74.070620132653,39.9601602351714],[-74.0705579788743,39.9605350631607],[-74.0705416283965,39.9606336656619]]}},{"type":"Feature","id":393926,"properties":{"OBJECTID":393926,"PRIMENAME":"Bay Boulevard","ELEVTYP_F":0,"ELEVTYP_T":0},"geometry":{"type":"LineString","coordinates":[[-74.0711447042221,39.9736008359293],[-74.0711417769083,39.9736353889372],[-74.0711411693236,39.9737326002975],[-74.0711702335639,39.9743919255687]]}},{"type":"Feature","id":397742,"properties":{"OBJECTID":397742,"PRIMENAME":"Bay Boulevard","ELEVTYP_F":0,"ELEVTYP_T":0},"geometry":{"type":"LineString","coordinates":[[-74.0769995824953,39.9614235344242],[-74.0769553443268,39.9616505640369]]}},{"type":"Feature","id":397802,"properties":{"OBJECTID":397802,"PRIMENAME":"State Highway 35 Avenue North","ELEVTYP_F":0,"ELEVTYP_T":0},"geometry":{"type":"LineString","coordinates":[[-74.0708439876289,39.958801615876],[-74.0707606160114,39.9593033542033]]}},{"type":"Feature","id":399064,"properties":{"OBJECTID":399064,"PRIMENAME":"Bay Boulevard","ELEVTYP_F":0,"ELEVTYP_T":0},"geometry":{"type":"LineString","coordinates":[[-74.0770881318719,39.9609312545781],[-74.0770566892315,39.9611185392797],[-74.0769995824953,39.9614235344242]]}},{"type":"Feature","id":399224,"properties":{"OBJECTID":399224,"PRIMENAME":"Bay Boulevard","ELEVTYP_F":0,"ELEVTYP_T":0},"geometry":{"type":"LineString","coordinates":[[-74.0767794029982,39.9627689255206],[-74.0767802792406,39.962817604075],[-74.0767868536998,39.9629549244444],[-74.0767896298577,39.963106478399],[-74.0767850908231,39.96324084799],[-74.0767657626731,39.963360888208],[-74.0767238720507,39.9635237000914],[-74.0767191892025,39.9635367234938]]}},{"type":"Feature","id":399545,"properties":{"OBJECTID":399545,"PRIMENAME":"West Central Avenue","ELEVTYP_F":0,"ELEVTYP_T":0},"geometry":{"type":"LineString","coordinates":[[-74.0688275188165,39.9812979735284],[-74.0687968444052,39.9814782200038],[-74.0687876252516,39.9815348357707]]}},{"type":"Feature","id":400669,"properties":{"OBJECTID":400669,"PRIMENAME":"Anna O Hankins Boulevard","ELEVTYP_F":0,"ELEVTYP_T":0},"geometry":{"type":"LineString","coordinates":[[-74.0721986812453,39.9608014405097],[-74.0720886956851,39.9614643997854],[-74.0720691244147,39.9615822135895]]}},{"type":"Feature","id":400714,"properties":{"OBJECTID":400714,"PRIMENAME":"Anna O Hankins Boulevard","ELEVTYP_F":0,"ELEVTYP_T":0},"geometry":{"type":"LineString","coordinates":[[-74.0720691244147,39.9615822135895],[-74.0719734496637,39.9621583887852],[-74.0719476819432,39.9623142032144]]}},{"type":"Feature","id":400739,"properties":{"OBJECTID":400739,"PRIMENAME":"Anna O Hankins Boulevard","ELEVTYP_F":0,"ELEVTYP_T":0},"geometry":{"type":"LineString","coordinates":[[-74.070229998233,39.9727754297989],[-74.0701914173282,39.9729988969924],[-74.070110493645,39.9735050075077]]}},{"type":"Feature","id":401211,"properties":{"OBJECTID":401211,"PRIMENAME":"Grand Central Avenue","ELEVTYP_F":0,"ELEVTYP_T":0},"geometry":{"type":"LineString","coordinates":[[-74.069312488359,39.9681190876972],[-74.0691881507069,39.9688566093612]]}},{"type":"Feature","id":401343,"properties":{"OBJECTID":401343,"PRIMENAME":"Grand Central Avenue","ELEVTYP_F":0,"ELEVTYP_T":0},"geometry":{"type":"LineString","coordinates":[[-74.0675800828876,39.9785859185873],[-74.0675589505217,39.9786718520516],[-74.067459358792,39.9789932100858],[-74.067357414172,39.9793310593183]]}},{"type":"Feature","id":401417,"properties":{"OBJECTID":401417,"PRIMENAME":"Grand Central Avenue","ELEVTYP_F":0,"ELEVTYP_T":0},"geometry":{"type":"LineString","coordinates":[[-74.0668827774851,39.9809155068805],[-74.0668542022974,39.9810104311633],[-74.06682354135,39.9811122830986]]}},{"type":"Feature","id":401423,"properties":{"OBJECTID":401423,"PRIMENAME":"Grand Central Avenue","ELEVTYP_F":0,"ELEVTYP_T":0},"geometry":{"type":"LineString","coordinates":[[-74.067714192166,39.9778436328992],[-74.0676644990099,39.9781467559356],[-74.0676257837332,39.9783897137926],[-74.0675923153094,39.9785361360992],[-74.0675800828876,39.9785859185873]]}},{"type":"Feature","id":410902,"properties":{"OBJECTID":410902,"PRIMENAME":"West Central Avenue","ELEVTYP_F":0,"ELEVTYP_T":0},"geometry":{"type":"LineString","coordinates":[[-74.0687876252516,39.9815348357707],[-74.0687622572927,39.9816906198122]]}},{"type":"Feature","id":433826,"properties":{"OBJECTID":433826,"PRIMENAME":"Ocean Front","ELEVTYP_F":0,"ELEVTYP_T":0},"geometry":{"type":"LineString","coordinates":[[-74.0675079819718,39.9603382608362],[-74.0676122869913,39.9596712845973],[-74.0676310979487,39.9595744012273]]}},{"type":"Feature","id":433827,"properties":{"OBJECTID":433827,"PRIMENAME":"Ocean Front","ELEVTYP_F":0,"ELEVTYP_T":0},"geometry":{"type":"LineString","coordinates":[[-74.067378968202,39.9611229821007],[-74.0674956309593,39.960417236904],[-74.0675079819718,39.9603382608362]]}},{"type":"Feature","id":433828,"properties":{"OBJECTID":433828,"PRIMENAME":"Ocean Front","ELEVTYP_F":0,"ELEVTYP_T":0},"geometry":{"type":"LineString","coordinates":[[-74.0672579672862,39.9618551161564],[-74.0672606820789,39.9618385288787],[-74.067378968202,39.9611229821007]]}},{"type":"Feature","id":433829,"properties":{"OBJECTID":433829,"PRIMENAME":"Ocean Front","ELEVTYP_F":0,"ELEVTYP_T":0},"geometry":{"type":"LineString","coordinates":[[-74.0671369838235,39.9625944566467],[-74.0671397486429,39.9625775561133],[-74.0672579672862,39.9618551161564]]}},{"type":"Feature","id":433830,"properties":{"OBJECTID":433830,"PRIMENAME":"Ocean Front","ELEVTYP_F":0,"ELEVTYP_T":0},"geometry":{"type":"LineString","coordinates":[[-74.067017780324,39.963323231912],[-74.0671369838235,39.9625944566467]]}},{"type":"Feature","id":433831,"properties":{"OBJECTID":433831,"PRIMENAME":"Ocean Front","ELEVTYP_F":0,"ELEVTYP_T":0},"geometry":{"type":"LineString","coordinates":[[-74.0668993181602,39.964047453031],[-74.067017780324,39.963323231912]]}},{"type":"Feature","id":433832,"properties":{"OBJECTID":433832,"PRIMENAME":"Ocean Front","ELEVTYP_F":0,"ELEVTYP_T":0},"geometry":{"type":"LineString","coordinates":[[-74.0666390231225,39.9656161620579],[-74.0667703321602,39.9648286595249]]}},{"type":"Feature","id":433833,"properties":{"OBJECTID":433833,"PRIMENAME":"Grand Central Avenue","ELEVTYP_F":0,"ELEVTYP_T":0},"geometry":{"type":"LineString","coordinates":[[-74.0695534262899,39.9666473655896],[-74.0696140560629,39.9662745153572],[-74.0696162549084,39.9662609957436],[-74.0696738758572,39.965914056745]]}},{"type":"Feature","id":433834,"properties":{"OBJECTID":433834,"PRIMENAME":"Ocean Front","ELEVTYP_F":0,"ELEVTYP_T":0},"geometry":{"type":"LineString","coordinates":[[-74.066519118458,39.9663387729313],[-74.0665414672817,39.966201229684],[-74.0666390231225,39.9656161620579]]}},{"type":"Feature","id":433835,"properties":{"OBJECTID":433835,"PRIMENAME":"Ocean Front","ELEVTYP_F":0,"ELEVTYP_T":0},"geometry":{"type":"LineString","coordinates":[[-74.0663972124743,39.9670859240709],[-74.0664099743788,39.9670104967504],[-74.066519118458,39.9663387729313]]}},{"type":"Feature","id":433836,"properties":{"OBJECTID":433836,"PRIMENAME":"Ocean Front","ELEVTYP_F":0,"ELEVTYP_T":0},"geometry":{"type":"LineString","coordinates":[[-74.0662740314085,39.9678139814515],[-74.0663972124743,39.9670859240709]]}},{"type":"Feature","id":433837,"properties":{"OBJECTID":433837,"PRIMENAME":"Ocean Front","ELEVTYP_F":0,"ELEVTYP_T":0},"geometry":{"type":"LineString","coordinates":[[-74.0661508052395,39.9685631925235],[-74.0662278501064,39.9680869338248],[-74.0662740314085,39.9678139814515]]}},{"type":"Feature","id":433838,"properties":{"OBJECTID":433838,"PRIMENAME":"Ocean Front","ELEVTYP_F":0,"ELEVTYP_T":0},"geometry":{"type":"LineString","coordinates":[[-74.0660263621494,39.9693324297055],[-74.0661508052395,39.9685631925235]]}},{"type":"Feature","id":433839,"properties":{"OBJECTID":433839,"PRIMENAME":"Ocean Front","ELEVTYP_F":0,"ELEVTYP_T":0},"geometry":{"type":"LineString","coordinates":[[-74.0657826597914,39.9708388097498],[-74.0659013472427,39.9701051853826]]}},{"type":"Feature","id":433840,"properties":{"OBJECTID":433840,"PRIMENAME":"Ocean Front","ELEVTYP_F":0,"ELEVTYP_T":0},"geometry":{"type":"LineString","coordinates":[[-74.0656616288383,39.9715786517262],[-74.0657826597914,39.9708388097498]]}},{"type":"Feature","id":433841,"properties":{"OBJECTID":433841,"PRIMENAME":"Ocean Front","ELEVTYP_F":0,"ELEVTYP_T":0},"geometry":{"type":"LineString","coordinates":[[-74.0655395798397,39.9723111578839],[-74.0656447308007,39.9716819430805],[-74.0656616288383,39.9715786517262]]}},{"type":"Feature","id":433842,"properties":{"OBJECTID":433842,"PRIMENAME":"Ocean Front","ELEVTYP_F":0,"ELEVTYP_T":0},"geometry":{"type":"LineString","coordinates":[[-74.0654157199349,39.9730478372213],[-74.0655022488361,39.9725345372233],[-74.0655395798397,39.9723111578839]]}},{"type":"Feature","id":433843,"properties":{"OBJECTID":433843,"PRIMENAME":"Ocean Front","ELEVTYP_F":0,"ELEVTYP_T":0},"geometry":{"type":"LineString","coordinates":[[-74.0652875440364,39.9738265218513],[-74.0653559653861,39.9734023009708],[-74.0654157199349,39.9730478372213]]}},{"type":"Feature","id":433844,"properties":{"OBJECTID":433844,"PRIMENAME":"Ocean Front","ELEVTYP_F":0,"ELEVTYP_T":0},"geometry":{"type":"LineString","coordinates":[[-74.0651612310896,39.9746096699297],[-74.0652875440364,39.9738265218513]]}},{"type":"Feature","id":433845,"properties":{"OBJECTID":433845,"PRIMENAME":"Ocean Front","ELEVTYP_F":0,"ELEVTYP_T":0},"geometry":{"type":"LineString","coordinates":[[-74.0650415820046,39.9753297399652],[-74.0651612310896,39.9746096699297]]}},{"type":"Feature","id":433846,"properties":{"OBJECTID":433846,"PRIMENAME":"Ocean Front","ELEVTYP_F":0,"ELEVTYP_T":0},"geometry":{"type":"LineString","coordinates":[[-74.0649244222771,39.9760707642215],[-74.0650187807124,39.9754669567444],[-74.0650415820046,39.9753297399652]]}},{"type":"Feature","id":433847,"properties":{"OBJECTID":433847,"PRIMENAME":"Ocean Front","ELEVTYP_F":0,"ELEVTYP_T":0},"geometry":{"type":"LineString","coordinates":[[-74.0646936482999,39.977547462576],[-74.0648102568538,39.9768013053399]]}},{"type":"Feature","id":433848,"properties":{"OBJECTID":433848,"PRIMENAME":"Grand Central Avenue","ELEVTYP_F":0,"ELEVTYP_T":0},"geometry":{"type":"LineString","coordinates":[[-74.0671349827499,39.9800777090916],[-74.0671508019984,39.9800251397549],[-74.0671632656977,39.9799829574686],[-74.0672837525594,39.9795752313262],[-74.067357414172,39.9793310593183]]}},{"type":"Feature","id":434270,"properties":{"OBJECTID":434270,"PRIMENAME":"Ocean Front","ELEVTYP_F":0,"ELEVTYP_T":0},"geometry":{"type":"LineString","coordinates":[[-74.0676310979487,39.9595744012273],[-74.0676428864997,39.9595136894731]]}},{"type":"Feature","id":434397,"properties":{"OBJECTID":434397,"PRIMENAME":"Princeton Avenue","ELEVTYP_F":0,"ELEVTYP_T":0},"geometry":{"type":"LineString","coordinates":[[-74.0671369838235,39.9625944566467],[-74.0701715787245,39.962886576335]]}},{"type":"Feature","id":434398,"properties":{"OBJECTID":434398,"PRIMENAME":"Jersey City Avenue","ELEVTYP_F":0,"ELEVTYP_T":0},"geometry":{"type":"LineString","coordinates":[[-74.067017780324,39.963323231912],[-74.067887886843,39.9634143131725],[-74.0700511017256,39.9636260081289]]}},{"type":"Feature","id":434399,"properties":{"OBJECTID":434399,"PRIMENAME":"New Jersey Avenue","ELEVTYP_F":0,"ELEVTYP_T":0},"geometry":{"type":"LineString","coordinates":[[-74.0668993181602,39.964047453031],[-74.0699309412124,39.9643600870461]]}},{"type":"Feature","id":434400,"properties":{"OBJECTID":434400,"PRIMENAME":"Pennsylvania Avenue","ELEVTYP_F":0,"ELEVTYP_T":0},"geometry":{"type":"LineString","coordinates":[[-74.0666390231225,39.9656161620579],[-74.0696738758572,39.965914056745]]}},{"type":"Feature","id":434401,"properties":{"OBJECTID":434401,"PRIMENAME":"New York Avenue","ELEVTYP_F":0,"ELEVTYP_T":0},"geometry":{"type":"LineString","coordinates":[[-74.0667703321602,39.9648286595249],[-74.0693038986759,39.9650870666964],[-74.0698028351725,39.9651375955664]]}},{"type":"Feature","id":434402,"properties":{"OBJECTID":434402,"PRIMENAME":"Virginia Avenue","ELEVTYP_F":0,"ELEVTYP_T":0},"geometry":{"type":"LineString","coordinates":[[-74.066519118458,39.9663387729313],[-74.0674715760435,39.9664468635211],[-74.0695534262899,39.9666473655896]]}},{"type":"Feature","id":434403,"properties":{"OBJECTID":434403,"PRIMENAME":"New Brunswick Avenue","ELEVTYP_F":0,"ELEVTYP_T":0},"geometry":{"type":"LineString","coordinates":[[-74.0663972124743,39.9670859240709],[-74.0694335600775,39.9673841080871]]}},{"type":"Feature","id":434404,"properties":{"OBJECTID":434404,"PRIMENAME":"Brooklyn Avenue","ELEVTYP_F":0,"ELEVTYP_T":0},"geometry":{"type":"LineString","coordinates":[[-74.0662740314085,39.9678139814515],[-74.0682872156439,39.9680224259889],[-74.069312488359,39.9681190876972]]}},{"type":"Feature","id":434405,"properties":{"OBJECTID":434405,"PRIMENAME":"Washington Avenue","ELEVTYP_F":0,"ELEVTYP_T":0},"geometry":{"type":"LineString","coordinates":[[-74.0661508052395,39.9685631925235],[-74.0691881507069,39.9688566093612]]}},{"type":"Feature","id":434406,"properties":{"OBJECTID":434406,"PRIMENAME":"Philadelphia Avenue","ELEVTYP_F":0,"ELEVTYP_T":0},"geometry":{"type":"LineString","coordinates":[[-74.0660263621494,39.9693324297055],[-74.0690642423179,39.9696276802486]]}},{"type":"Feature","id":434407,"properties":{"OBJECTID":434407,"PRIMENAME":"Camden Avenue","ELEVTYP_F":0,"ELEVTYP_T":0},"geometry":{"type":"LineString","coordinates":[[-74.0659013472427,39.9701051853826],[-74.0686027341953,39.9703726768405],[-74.0689365077432,39.970405270421]]}},{"type":"Feature","id":434408,"properties":{"OBJECTID":434408,"PRIMENAME":"President Avenue","ELEVTYP_F":0,"ELEVTYP_T":0},"geometry":{"type":"LineString","coordinates":[[-74.0652875440364,39.9738265218513],[-74.0666403768855,39.9739577281085],[-74.0683270516453,39.9741230606981]]}},{"type":"Feature","id":434409,"properties":{"OBJECTID":434409,"PRIMENAME":"Guyer Avenue","ELEVTYP_F":0,"ELEVTYP_T":0},"geometry":{"type":"LineString","coordinates":[[-74.0651612310896,39.9746096699297],[-74.067950371961,39.9748777318987],[-74.068197372713,39.9749008619602]]}},{"type":"Feature","id":434410,"properties":{"OBJECTID":434410,"PRIMENAME":"Bond Avenue","ELEVTYP_F":0,"ELEVTYP_T":0},"geometry":{"type":"LineString","coordinates":[[-74.0650415820046,39.9753297399652],[-74.0665378305823,39.9754758626116],[-74.0680755538934,39.9756311708275]]}},{"type":"Feature","id":434411,"properties":{"OBJECTID":434411,"PRIMENAME":"Kerr Avenue","ELEVTYP_F":0,"ELEVTYP_T":0},"geometry":{"type":"LineString","coordinates":[[-74.0649244222771,39.9760707642215],[-74.0676215141987,39.9763378373869],[-74.0679558489802,39.9763709853296]]}},{"type":"Feature","id":434412,"properties":{"OBJECTID":434412,"PRIMENAME":"Ortley Avenue","ELEVTYP_F":0,"ELEVTYP_T":0},"geometry":{"type":"LineString","coordinates":[[-74.0646936482999,39.977547462576],[-74.067714192166,39.9778436328992]]}},{"type":"Feature","id":434413,"properties":{"OBJECTID":434413,"PRIMENAME":"White Avenue","ELEVTYP_F":0,"ELEVTYP_T":0},"geometry":{"type":"LineString","coordinates":[[-74.0648102568538,39.9768013053399],[-74.0655253109438,39.9768819557975],[-74.0678372532933,39.9771099255537]]}},{"type":"Feature","id":434458,"properties":{"OBJECTID":434458,"PRIMENAME":"Bay Boulevard","ELEVTYP_F":0,"ELEVTYP_T":0},"geometry":{"type":"LineString","coordinates":[[-74.0745630578776,39.9648156427626],[-74.0745677949721,39.9648113223221],[-74.074676091021,39.9647288092384],[-74.0748103960649,39.9646463644299],[-74.0748998740056,39.9645951890127],[-74.0750080273034,39.9645412825826],[-74.0751272429948,39.9644930982829],[-74.0752463680511,39.964453480193],[-74.075376714494,39.9644167853601],[-74.0755404899217,39.964374502276],[-74.0757340552518,39.9643265904588],[-74.0758681293886,39.9642870534595],[-74.0760133168594,39.964238936243],[-74.0760637507865,39.9642183115561]]}},{"type":"Feature","id":434460,"properties":{"OBJECTID":434460,"PRIMENAME":"Trenton Avenue","ELEVTYP_F":0,"ELEVTYP_T":0},"geometry":{"type":"LineString","coordinates":[[-74.0675079819718,39.9603382608362],[-74.0702728352535,39.9606063138635],[-74.0705416283965,39.9606336656619]]}},{"type":"Feature","id":434461,"properties":{"OBJECTID":434461,"PRIMENAME":"Dover Avenue","ELEVTYP_F":0,"ELEVTYP_T":0},"geometry":{"type":"LineString","coordinates":[[-74.0676310979487,39.9595744012273],[-74.0695332589041,39.9597593129536]]}},{"type":"Feature","id":434462,"properties":{"OBJECTID":434462,"PRIMENAME":"Newark Avenue","ELEVTYP_F":0,"ELEVTYP_T":0},"geometry":{"type":"LineString","coordinates":[[-74.0704114589928,39.9614182788502],[-74.0720691244147,39.9615822135895]]}},{"type":"Feature","id":434463,"properties":{"OBJECTID":434463,"PRIMENAME":"Newark Avenue","ELEVTYP_F":0,"ELEVTYP_T":0},"geometry":{"type":"LineString","coordinates":[[-74.067378968202,39.9611229821007],[-74.069487930093,39.9613269181766],[-74.0704114589928,39.9614182788502]]}},{"type":"Feature","id":434464,"properties":{"OBJECTID":434464,"PRIMENAME":"Elizabeth Avenue","ELEVTYP_F":0,"ELEVTYP_T":0},"geometry":{"type":"LineString","coordinates":[[-74.0672579672862,39.9618551161564],[-74.0675434603794,39.9618822508188],[-74.0679492817388,39.9619246274849],[-74.070290476448,39.9621538649776]]}},{"type":"Feature","id":434465,"properties":{"OBJECTID":434465,"PRIMENAME":"Ocean Front","ELEVTYP_F":0,"ELEVTYP_T":0},"geometry":{"type":"LineString","coordinates":[[-74.0667703321602,39.9648286595249],[-74.0668993181602,39.964047453031]]}},{"type":"Feature","id":434466,"properties":{"OBJECTID":434466,"PRIMENAME":"Brown Avenue","ELEVTYP_F":0,"ELEVTYP_T":0},"geometry":{"type":"LineString","coordinates":[[-74.0657826597914,39.9708388097498],[-74.0688163262093,39.9711389905291]]}},{"type":"Feature","id":434467,"properties":{"OBJECTID":434467,"PRIMENAME":"Ocean Front","ELEVTYP_F":0,"ELEVTYP_T":0},"geometry":{"type":"LineString","coordinates":[[-74.0659013472427,39.9701051853826],[-74.0660263621494,39.9693324297055]]}},{"type":"Feature","id":434468,"properties":{"OBJECTID":434468,"PRIMENAME":"Magee Avenue","ELEVTYP_F":0,"ELEVTYP_T":0},"geometry":{"type":"LineString","coordinates":[[-74.0656616288383,39.9715786517262],[-74.0684386164194,39.9718508050249],[-74.0686957975378,39.9718761138082]]}},{"type":"Feature","id":434469,"properties":{"OBJECTID":434469,"PRIMENAME":"Vance Avenue","ELEVTYP_F":0,"ELEVTYP_T":0},"geometry":{"type":"LineString","coordinates":[[-74.0655395798397,39.9723111578839],[-74.0680839014751,39.9725646800294],[-74.0685751978699,39.9726129339616]]}},{"type":"Feature","id":434470,"properties":{"OBJECTID":434470,"PRIMENAME":"Reese Avenue","ELEVTYP_F":0,"ELEVTYP_T":0},"geometry":{"type":"LineString","coordinates":[[-74.0654157199349,39.9730478372213],[-74.0684543435998,39.9733501645685]]}},{"type":"Feature","id":434471,"properties":{"OBJECTID":434471,"PRIMENAME":"Ocean Front","ELEVTYP_F":0,"ELEVTYP_T":0},"geometry":{"type":"LineString","coordinates":[[-74.0648102568538,39.9768013053399],[-74.0649244222771,39.9760707642215]]}},{"type":"Feature","id":434472,"properties":{"OBJECTID":434472,"PRIMENAME":"West Brighton Drive","ELEVTYP_F":0,"ELEVTYP_T":0},"geometry":{"type":"LineString","coordinates":[[-74.066586475208,39.9819266119545],[-74.0686899488549,39.9821346558506]]}}]}
